-- phpMyAdmin SQL Dump
-- version 5.0.3
-- https://www.phpmyadmin.net/
--
-- Host: 127.0.0.1
-- Generation Time: Nov 17, 2020 at 02:27 PM
-- Server version: 10.4.14-MariaDB
-- PHP Version: 7.4.11

SET SQL_MODE = "NO_AUTO_VALUE_ON_ZERO";
START TRANSACTION;
SET time_zone = "+00:00";


/*!40101 SET @OLD_CHARACTER_SET_CLIENT=@@CHARACTER_SET_CLIENT */;
/*!40101 SET @OLD_CHARACTER_SET_RESULTS=@@CHARACTER_SET_RESULTS */;
/*!40101 SET @OLD_COLLATION_CONNECTION=@@COLLATION_CONNECTION */;
/*!40101 SET NAMES utf8mb4 */;

--
-- Database: `news`
--

-- --------------------------------------------------------

--
-- Table structure for table `ads`
--

CREATE TABLE IF NOT EXISTS `ads` (
  `id` bigint(20) UNSIGNED NOT NULL AUTO_INCREMENT,
  `link` varchar(255) COLLATE utf8mb4_unicode_ci DEFAULT NULL,
  `ads` varchar(255) COLLATE utf8mb4_unicode_ci NOT NULL,
  `type` int(11) DEFAULT NULL,
  `created_at` timestamp NULL DEFAULT NULL,
  `updated_at` timestamp NULL DEFAULT NULL,
  PRIMARY KEY (`id`)
) ENGINE=InnoDB AUTO_INCREMENT=7 DEFAULT CHARSET=utf8mb4 COLLATE=utf8mb4_unicode_ci;

--
-- Dumping data for table `ads`
--

INSERT INTO `ads` (`id`, `link`, `ads`, `type`, `created_at`, `updated_at`) VALUES
(1, 'https://www.facebook.com/', 'image/ads/5fa1dd13f018d.jpg', 2, NULL, NULL),
(2, 'https://www.facebook.com/dfsd', 'image/ads/5fa1dd3aa24dd.jpg', 1, NULL, NULL),
(3, 'https://www.google.com/', 'image/ads/5fa1dd5c45539.jpeg', 2, NULL, NULL),
(4, 'https://www.facebook.com/Asia-Hotel-Resorts-1725221431030397/', 'image/ads/5fa1dd6cbcf0d.jpg', 1, NULL, NULL),
(5, 'https://www.facebook.com/', 'image/ads/5fa1dd9eee867.png', 2, NULL, NULL),
(6, 'https://www.google.com/', 'image/ads/5fa1eb480ce78.png', 2, NULL, NULL);

-- --------------------------------------------------------

--
-- Table structure for table `categories`
--

CREATE TABLE IF NOT EXISTS `categories` (
  `id` bigint(20) UNSIGNED NOT NULL AUTO_INCREMENT,
  `category_en` varchar(255) COLLATE utf8mb4_unicode_ci NOT NULL,
  `category_hin` varchar(255) COLLATE utf8mb4_unicode_ci NOT NULL,
  `soft_delete` varchar(255) COLLATE utf8mb4_unicode_ci DEFAULT '0',
  `created_at` timestamp NULL DEFAULT NULL,
  `updated_at` timestamp NULL DEFAULT NULL,
  PRIMARY KEY (`id`)
) ENGINE=InnoDB AUTO_INCREMENT=12 DEFAULT CHARSET=utf8mb4 COLLATE=utf8mb4_unicode_ci;

--
-- Dumping data for table `categories`
--

INSERT INTO `categories` (`id`, `category_en`, `category_hin`, `soft_delete`, `created_at`, `updated_at`) VALUES
(7, 'INTERNATIONAL', 'अंतर्राष्ट्रीय', '0', NULL, NULL),
(8, 'SPORTS', 'खेल', '0', NULL, NULL),
(9, 'BUSINESS', 'व्यवसाय', '0', NULL, NULL),
(10, 'ENTERTAINMENT', 'मनोरंजन', '0', NULL, NULL),
(11, 'LIFESTYLE', 'जीवन शैली', '0', NULL, NULL);

-- --------------------------------------------------------

--
-- Table structure for table `districts`
--

CREATE TABLE IF NOT EXISTS `districts` (
  `id` bigint(20) UNSIGNED NOT NULL AUTO_INCREMENT,
  `district_en` varchar(255) COLLATE utf8mb4_unicode_ci NOT NULL,
  `district_hin` varchar(255) COLLATE utf8mb4_unicode_ci NOT NULL,
  `created_at` timestamp NULL DEFAULT NULL,
  `updated_at` timestamp NULL DEFAULT NULL,
  PRIMARY KEY (`id`)
) ENGINE=InnoDB AUTO_INCREMENT=6 DEFAULT CHARSET=utf8mb4 COLLATE=utf8mb4_unicode_ci;

--
-- Dumping data for table `districts`
--

INSERT INTO `districts` (`id`, `district_en`, `district_hin`, `created_at`, `updated_at`) VALUES
(1, 'Andhra Pradesh', 'आंध्र प्रदेश', NULL, NULL),
(2, 'Arunachal Pradesh', 'अरुणाचल प्रदेश', NULL, NULL),
(3, 'Assam', 'असम', NULL, NULL),
(4, 'Bihar', 'बिहार', NULL, NULL);

-- --------------------------------------------------------

--
-- Table structure for table `failed_jobs`
--

CREATE TABLE IF NOT EXISTS `failed_jobs` (
  `id` bigint(20) UNSIGNED NOT NULL AUTO_INCREMENT,
  `uuid` varchar(255) COLLATE utf8mb4_unicode_ci NOT NULL,
  `connection` text COLLATE utf8mb4_unicode_ci NOT NULL,
  `queue` text COLLATE utf8mb4_unicode_ci NOT NULL,
  `payload` longtext COLLATE utf8mb4_unicode_ci NOT NULL,
  `exception` longtext COLLATE utf8mb4_unicode_ci NOT NULL,
  `failed_at` timestamp NOT NULL DEFAULT current_timestamp(),
  PRIMARY KEY (`id`),
  UNIQUE KEY `failed_jobs_uuid_unique` (`uuid`)
) ENGINE=InnoDB DEFAULT CHARSET=utf8mb4 COLLATE=utf8mb4_unicode_ci;

-- --------------------------------------------------------

--
-- Table structure for table `livetvs`
--

CREATE TABLE IF NOT EXISTS `livetvs` (
  `id` bigint(20) UNSIGNED NOT NULL AUTO_INCREMENT,
  `embed_code` text COLLATE utf8mb4_unicode_ci DEFAULT NULL,
  `status` int(11) DEFAULT NULL,
  `created_at` timestamp NULL DEFAULT NULL,
  `updated_at` timestamp NULL DEFAULT NULL,
  PRIMARY KEY (`id`)
) ENGINE=InnoDB AUTO_INCREMENT=2 DEFAULT CHARSET=utf8mb4 COLLATE=utf8mb4_unicode_ci;

--
-- Dumping data for table `livetvs`
--

INSERT INTO `livetvs` (`id`, `embed_code`, `status`, `created_at`, `updated_at`) VALUES
(1, '&lt;iframe width=\"560\" height=\"315\" src=\"https://www.youtube.com/embed/W7aDbE3Apqk\" frameborder=\"0\" allow=\"accelerometer; autoplay; clipboard-write; encrypted-media; gyroscope; picture-in-picture\" allowfullscreen&gt;&lt;/iframe&gt;', 1, NULL, NULL);

-- --------------------------------------------------------

--
-- Table structure for table `migrations`
--

CREATE TABLE IF NOT EXISTS `migrations` (
  `id` int(10) UNSIGNED NOT NULL AUTO_INCREMENT,
  `migration` varchar(255) COLLATE utf8mb4_unicode_ci NOT NULL,
  `batch` int(11) NOT NULL,
  PRIMARY KEY (`id`)
) ENGINE=InnoDB AUTO_INCREMENT=23 DEFAULT CHARSET=utf8mb4 COLLATE=utf8mb4_unicode_ci;

--
-- Dumping data for table `migrations`
--

INSERT INTO `migrations` (`id`, `migration`, `batch`) VALUES
(1, '2014_10_12_000000_create_users_table', 1),
(2, '2014_10_12_100000_create_password_resets_table', 1),
(3, '2014_10_12_200000_add_two_factor_columns_to_users_table', 1),
(4, '2019_08_19_000000_create_failed_jobs_table', 1),
(5, '2019_12_14_000001_create_personal_access_tokens_table', 1),
(6, '2020_10_21_184116_create_sessions_table', 1),
(7, '2020_10_21_211739_create_categories_table', 2),
(8, '2020_10_21_212542_create_subcategories_table', 2),
(9, '2020_10_23_214146_create_districts_table', 3),
(10, '2020_10_23_214417_create_subdistricts_table', 3),
(11, '2020_10_24_184018_create_posts_table', 4),
(12, '2020_10_27_200003_create_socials_table', 5),
(13, '2020_10_27_201039_create_socials_table', 6),
(14, '2020_10_27_205447_create_seos_table', 7),
(15, '2020_10_27_212305_create_prayers_table', 8),
(16, '2020_10_28_193725_create_livetvs_table', 9),
(17, '2020_10_28_203239_create_notices_table', 10),
(18, '2020_10_28_205410_create_websites_table', 11),
(19, '2020_10_28_213250_create_photos_table', 12),
(20, '2020_10_28_221040_create_videos_table', 13),
(21, '2020_11_03_220043_create_ads_table', 14),
(22, '2020_11_05_212404_create_websitesettings_table', 15);

-- --------------------------------------------------------

--
-- Table structure for table `notices`
--

CREATE TABLE IF NOT EXISTS `notices` (
  `id` bigint(20) UNSIGNED NOT NULL AUTO_INCREMENT,
  `notice` text COLLATE utf8mb4_unicode_ci DEFAULT NULL,
  `status` int(11) DEFAULT NULL,
  `created_at` timestamp NULL DEFAULT NULL,
  `updated_at` timestamp NULL DEFAULT NULL,
  PRIMARY KEY (`id`)
) ENGINE=InnoDB AUTO_INCREMENT=2 DEFAULT CHARSET=utf8mb4 COLLATE=utf8mb4_unicode_ci;

--
-- Dumping data for table `notices`
--

INSERT INTO `notices` (`id`, `notice`, `status`, `created_at`, `updated_at`) VALUES
(1, 'fadsfsad fsadf asdf safasd fhashflkadhfkalsfasfh flks faksdf', 0, NULL, NULL);

-- --------------------------------------------------------

--
-- Table structure for table `password_resets`
--

CREATE TABLE IF NOT EXISTS `password_resets` (
  `email` varchar(255) COLLATE utf8mb4_unicode_ci NOT NULL,
  `token` varchar(255) COLLATE utf8mb4_unicode_ci NOT NULL,
  `created_at` timestamp NULL DEFAULT NULL,
  KEY `password_resets_email_index` (`email`)
) ENGINE=InnoDB DEFAULT CHARSET=utf8mb4 COLLATE=utf8mb4_unicode_ci;

-- --------------------------------------------------------

--
-- Table structure for table `personal_access_tokens`
--

CREATE TABLE IF NOT EXISTS `personal_access_tokens` (
  `id` bigint(20) UNSIGNED NOT NULL AUTO_INCREMENT,
  `tokenable_type` varchar(255) COLLATE utf8mb4_unicode_ci NOT NULL,
  `tokenable_id` bigint(20) UNSIGNED NOT NULL,
  `name` varchar(255) COLLATE utf8mb4_unicode_ci NOT NULL,
  `token` varchar(64) COLLATE utf8mb4_unicode_ci NOT NULL,
  `abilities` text COLLATE utf8mb4_unicode_ci DEFAULT NULL,
  `last_used_at` timestamp NULL DEFAULT NULL,
  `created_at` timestamp NULL DEFAULT NULL,
  `updated_at` timestamp NULL DEFAULT NULL,
  PRIMARY KEY (`id`),
  UNIQUE KEY `personal_access_tokens_token_unique` (`token`),
  KEY `personal_access_tokens_tokenable_type_tokenable_id_index` (`tokenable_type`,`tokenable_id`)
) ENGINE=InnoDB DEFAULT CHARSET=utf8mb4 COLLATE=utf8mb4_unicode_ci;

-- --------------------------------------------------------

--
-- Table structure for table `photos`
--

CREATE TABLE IF NOT EXISTS `photos` (
  `id` bigint(20) UNSIGNED NOT NULL AUTO_INCREMENT,
  `photo` varchar(255) COLLATE utf8mb4_unicode_ci NOT NULL,
  `title` varchar(255) COLLATE utf8mb4_unicode_ci NOT NULL,
  `type` varchar(255) COLLATE utf8mb4_unicode_ci NOT NULL DEFAULT '0',
  `created_at` timestamp NULL DEFAULT NULL,
  `updated_at` timestamp NULL DEFAULT NULL,
  PRIMARY KEY (`id`)
) ENGINE=InnoDB AUTO_INCREMENT=6 DEFAULT CHARSET=utf8mb4 COLLATE=utf8mb4_unicode_ci;

--
-- Dumping data for table `photos`
--

INSERT INTO `photos` (`id`, `photo`, `title`, `type`, `created_at`, `updated_at`) VALUES
(1, 'image/photogallery/5f99eb3495a25.png', 'Casting of Israeli actress as Cleopatra sparks anger', '1', NULL, NULL),
(2, 'image/photogallery/5f99eb4d2cb01.png', 'Need Your Help', '0', NULL, NULL),
(3, 'image/photogallery/5f9efd1000490.jpg', 'FRANCHISE OPPORTUNITIES', '0', NULL, NULL),
(4, 'image/photogallery/5f9efd20be78e.jpg', 'How To Get The Source Code', '0', NULL, NULL),
(5, 'image/photogallery/5f9f1bf30481f.png', 'User Login Part', '0', NULL, NULL);

-- --------------------------------------------------------

--
-- Table structure for table `posts`
--

CREATE TABLE IF NOT EXISTS `posts` (
  `id` bigint(20) UNSIGNED NOT NULL AUTO_INCREMENT,
  `category_id` int(11) NOT NULL,
  `subcategory_id` int(11) DEFAULT NULL,
  `district_id` int(11) NOT NULL,
  `subdistrict_id` int(11) DEFAULT NULL,
  `user_id` int(11) NOT NULL,
  `title_en` varchar(255) COLLATE utf8mb4_unicode_ci NOT NULL,
  `title_hin` varchar(255) COLLATE utf8mb4_unicode_ci NOT NULL,
  `image` varchar(255) COLLATE utf8mb4_unicode_ci NOT NULL,
  `details_en` text COLLATE utf8mb4_unicode_ci DEFAULT NULL,
  `details_hin` text COLLATE utf8mb4_unicode_ci DEFAULT NULL,
  `tags_en` text COLLATE utf8mb4_unicode_ci DEFAULT NULL,
  `tags_hin` text COLLATE utf8mb4_unicode_ci DEFAULT NULL,
  `headline` int(11) DEFAULT NULL,
  `first_section` int(11) DEFAULT NULL,
  `first_section_thumbnail` int(11) DEFAULT NULL,
  `bigthumbnail` int(11) DEFAULT NULL,
  `post_date` varchar(255) COLLATE utf8mb4_unicode_ci DEFAULT NULL,
  `post_month` varchar(255) COLLATE utf8mb4_unicode_ci DEFAULT NULL,
  `created_at` timestamp NULL DEFAULT NULL,
  `updated_at` timestamp NULL DEFAULT NULL,
  PRIMARY KEY (`id`)
) ENGINE=InnoDB AUTO_INCREMENT=28 DEFAULT CHARSET=utf8mb4 COLLATE=utf8mb4_unicode_ci;

--
-- Dumping data for table `posts`
--

INSERT INTO `posts` (`id`, `category_id`, `subcategory_id`, `district_id`, `subdistrict_id`, `user_id`, `title_en`, `title_hin`, `image`, `details_en`, `details_hin`, `tags_en`, `tags_hin`, `headline`, `first_section`, `first_section_thumbnail`, `bigthumbnail`, `post_date`, `post_month`, `created_at`, `updated_at`) VALUES
(2, 11, 21, 4, 4, 1, 'Haji Salim’s son arrested over', 'हाजी सलीम के बेटे को नौसेना अधिकारी के साथ', 'image/postimg/5f972a134ff18.png', '<p>The inquiry committee of the University Grants Commission (UGC) have found allegations to be true regarding Rajshahi University\'s vice chancellor M Abdus Sohban resorting to nepotism, providing the president with false information, bending the rules to appoint his daughter and son-in-law as teachers at the university, and other irregularities.</p><p><br></p><p>&nbsp;The committee says the vice chancellor has acted in contradiction to the University Ordinance of 1973. His actions have tarnished the image of the university\'s highest office. The committee had recommended various steps to be taken against him. After the UGC report was submitted, the Rajshahi University vice chancellor called a press conference on Sunday and termed the inquiry report as biased. Member of the inquiry committee and UGC member Professor Muhammad Alamgir speaks in an interview with Prothom Alo about this matter.</p>', '<p>विश्वविद्यालय अनुदान आयोग (यूजीसी) की जांच समिति ने राजशाही विश्वविद्यालय के कुलपति एम अब्दुस सोहबान पर भाई-भतीजावाद का समर्थन करने, राष्ट्रपति को झूठी जानकारी देने, अपनी बेटी और दामाद को नियुक्त करने के लिए नियमों को झुठलाने के आरोपों को सही पाया है। विश्वविद्यालय में शिक्षक, और अन्य अनियमितताएँ।</p><p><br></p><p>&nbsp; समिति का कहना है कि कुलपति ने 1973 के विश्वविद्यालय अध्यादेश के विपरीत काम किया है। उनके कार्यों ने विश्वविद्यालय के सर्वोच्च पद की छवि को धूमिल किया है। समिति ने उसके खिलाफ उठाए जाने वाले विभिन्न कदमों की सिफारिश की थी। यूजीसी की रिपोर्ट सौंपे जाने के बाद, राजशाही विश्वविद्यालय के कुलपति ने रविवार को एक संवाददाता सम्मेलन बुलाया और जांच रिपोर्ट को पक्षपाती करार दिया। जांच समिति के सदस्य और यूजीसी के सदस्य प्रोफेसर मुहम्मद आलमगीर ने इस मामले के बारे में प्रोथोम एलो के साथ एक साक्षात्कार में बात की।</p>', 'Boxing', 'बॉक्सिंग', NULL, 1, 1, NULL, '26-10-2020', 'October', NULL, NULL),
(3, 8, 13, 1, 1, 1, 'UGC investigations are not biased', 'यूजीसी की जांच पक्षपातपूर्ण नहीं है', 'image/postimg/5f972b057c842.png', '<p>The inquiry committee of the University Grants Commission (UGC) have found allegations to be true regarding Rajshahi University\'s vice chancellor M Abdus Sohban resorting to nepotism, providing the president with false information, bending the rules to appoint his daughter and son-in-law as teachers at the university, and other irregularities.</p><p><br></p><p>&nbsp;The committee says the vice chancellor has acted in contradiction to the University Ordinance of 1973. His actions have tarnished the image of the university\'s highest office. The committee had recommended various steps to be taken against him. After the UGC report was submitted, the Rajshahi University vice chancellor called a press conference on Sunday and termed the inquiry report as biased. Member of the inquiry committee and UGC member Professor Muhammad Alamgir speaks in an interview with Prothom Alo about this matter.</p>', '<p>विश्वविद्यालय अनुदान आयोग (यूजीसी) की जांच समिति ने राजशाही विश्वविद्यालय के कुलपति एम अब्दुस सोहबान पर भाई-भतीजावाद का समर्थन करने, राष्ट्रपति को झूठी जानकारी देने, अपनी बेटी और दामाद को नियुक्त करने के लिए नियमों को झुठलाने के आरोपों को सही पाया है। विश्वविद्यालय में शिक्षक, और अन्य अनियमितताएँ।</p><p><br></p><p>&nbsp; समिति का कहना है कि कुलपति ने 1973 के विश्वविद्यालय अध्यादेश के विपरीत काम किया है। उनके कार्यों ने विश्वविद्यालय के सर्वोच्च पद की छवि को धूमिल किया है। समिति ने उसके खिलाफ उठाए जाने वाले विभिन्न कदमों की सिफारिश की थी। यूजीसी की रिपोर्ट सौंपे जाने के बाद, राजशाही विश्वविद्यालय के कुलपति ने रविवार को एक संवाददाता सम्मेलन बुलाया और जांच रिपोर्ट को पक्षपाती करार दिया। जांच समिति के सदस्य और यूजीसी के सदस्य प्रोफेसर मुहम्मद आलमगीर ने इस मामले के बारे में प्रोथोम एलो के साथ एक साक्षात्कार में बात की।</p>', 'source', 'बॉक्सिंग144', 1, 1, NULL, NULL, '26-10-2020', 'October', NULL, NULL),
(6, 11, 21, 4, 2, 1, 'A Crypto Exchange Without Limitations', 'सीमाओं के बिना एक क्रिप्टो एक्सचेंज', 'image/postimg/5f9ef09ee0809.jpeg', '<div>Joining the ever competitive world of crypto exchanges is WhiteBIT, a European cryptocurrency CEX exchange with exchange and custody licenses from Estonia. It boasts of having one of the lowest trading fees in the industry, trading about 160-plus cryptocurrencies and has over 300,000 exchange users from Europe, Asia and CIS countries in partnership with established cryptocurrencies and platforms such as Dash, TRON, Matic and others.</div><div><br></div><div>The company markets itself as a licenced crypto exchange with features for professional traders with its consistent and all-round customer service which caters for the needs of its growing users on a 24 x7 basis. Some important highlights that would add to the list of advantages obtained on the platform is the customizability offered by its user interface, instant execution of orders that\'s aided by a trading engine performing 10,000 trades per seconds making it one of the very few exchanges with a fast and efficient trading engine.</div><div><br></div><div>Fees are competitive, ranked among the lowest in the industry with only 0.10 per cent fees for both takers and makers, and have integrated in its system a very powerful API that supports third-party trading applications for clients.</div><div><br></div><div>KYC is an integrated measure to check the type of users in a trading platform and the source of their wealth. WhitBit offers no kyc trades, unlimited deposits, withdrawals up to 2 BTC daily, still compliant with 5AMLD for users who want to go beyond 2 BTC they will need to pass the compulsory KYC checks.</div><div><br></div><div>Margin trading and DeFi on WhiteBIT trading terminal</div><div><br></div><div>Margin is one of the oldest means of trading, where traders get access to a larger sum with a small balance portfolio by borrowing funds from a third party. For example, users with 1 BTC balance with a 10x leverage will have access to a margin balance of 10 BTC, which allows them to get 10x profit on their trades. There are no limitations to the amount of leverage users wish to trade margin on but following correct risk management strategies is advised. However, there are some measures put in place by WhiteBIT to ensure safe margin trading for users.</div><div><br></div><div>Margin call: This is a notification set in place by WhiteBIT to alert traders of an unprofitable trade position which may be liquidated anytime. Users can respond to such call to actions by either replenishing the balance on the margin to give more time in the case of a possible rebound of the trade, lower their margin position or completely close the trade thereby reducing the chance of getting 100 per cent liquidated.</div><div><br></div><div>DeFi: Among all proponent CEX exchanges for DeFi projects, WhiteBIT seems to be the most actively involved in the listing of these asset classes issued from the decentralized finance section of the blockchain industry. It\'s a fact that WhiteBIT have been very much involved in the growth of the DeFi sector and is becoming the first exchange to integrate a fiat pairing for DeFi coins.</div>', '<p>क्रिप्टो एक्सचेंजों की कभी प्रतिस्पर्धात्मक दुनिया में शामिल होने के बाद व्हाइटबिट है, जो एक यूरोपीय क्रिप्टोक्यूरेंसी CEX एक्सचेंज है जिसमें एस्टोनिया से एक्सचेंज और कस्टडी लाइसेंस हैं। यह उद्योग में सबसे कम व्यापार शुल्क में से एक होने का दावा करता है, लगभग 160-प्लस क्रिप्टोकरेंसी का व्यापार करता है और इसमें डैश, टीआरओएन, मैटिक और अन्य जैसे स्थापित क्रिप्टोकरेंसी और प्लेटफार्मों की साझेदारी में यूरोप, एशिया और सीआईएस देशों के 300,000 से अधिक एक्सचेंज उपयोगकर्ता हैं।</p><p><br></p><p>कंपनी पेशेवर व्यापारियों के लिए अपनी सुसंगत और चौतरफा ग्राहक सेवा के साथ एक लाइसेंस प्राप्त क्रिप्टो एक्सचेंज के रूप में खुद को बाजार में उतारती है जो अपने बढ़ते उपयोगकर्ताओं की जरूरतों के लिए 24 x7 आधार पर पूरा करती है। कुछ महत्वपूर्ण हाइलाइट्स जो प्लेटफ़ॉर्म पर प्राप्त लाभों की सूची में जोड़ देंगे, अपने उपयोगकर्ता इंटरफ़ेस द्वारा पेश की जाने वाली कस्टमिज़ेबिलिटी है, आदेशों का त्वरित निष्पादन जो एक ट्रेडिंग इंजन द्वारा प्रति सेकंड 10,000 ट्रेडों का प्रदर्शन करते हुए इसे तेजी के साथ बहुत कम एक्सचेंजों में से एक बना देता है। और कुशल ट्रेडिंग इंजन।</p><p><br></p><p>शुल्क प्रतिस्पर्धी हैं, जो उद्योग में दोनों के लिए केवल 0.10 प्रतिशत फीस के साथ सबसे कम रैंक वाले हैं और निर्माताओं और निर्माताओं ने इसकी प्रणाली को बहुत शक्तिशाली एपीआई में एकीकृत किया है जो ग्राहकों के लिए तीसरे पक्ष के व्यापारिक अनुप्रयोगों का समर्थन करता है।</p><p><br></p><p>केवाईसी एक ट्रेडिंग प्लेटफॉर्म में उपयोगकर्ताओं के प्रकार और उनकी संपत्ति के स्रोत की जांच करने के लिए एक एकीकृत उपाय है। व्हिटबिट कोई कीच ट्रेड नहीं करता है, असीमित जमा, 2 बीटीसी प्रतिदिन की निकासी, फिर भी उपयोगकर्ताओं के लिए 5AMLD का अनुपालन करता है जो 2 बीटीसी से आगे जाना चाहते हैं, उन्हें अनिवार्य केवाईसी चेक पास करने की आवश्यकता होगी।</p><p><br></p><p>व्हाइटबाइट ट्रेडिंग टर्मिनल पर मार्जिन ट्रेडिंग और डीएफआई</p><p><br></p><p>मार्जिन व्यापार के सबसे पुराने साधनों में से एक है, जहां व्यापारियों को तीसरे पक्ष से धन उधार लेकर एक छोटे से शेष पोर्टफोलियो के साथ बड़ी राशि तक पहुंच मिलती है। उदाहरण के लिए, 10x लीवरेज वाले 1 BTC बैलेंस वाले उपयोगकर्ताओं के पास 10 BTC के मार्जिन शेष तक पहुंच होगी, जो उन्हें अपने ट्रेडों पर 10x लाभ प्राप्त करने की अनुमति देता है। उपयोगकर्ताओं द्वारा व्यापार मार्जिन की इच्छा का लाभ उठाने की मात्रा की कोई सीमा नहीं है, लेकिन सही जोखिम प्रबंधन रणनीतियों का पालन करने की सलाह दी जाती है। हालांकि, उपयोगकर्ताओं के लिए सुरक्षित मार्जिन ट्रेडिंग सुनिश्चित करने के लिए व्हाइटबाइट द्वारा कुछ उपाय किए गए हैं।</p><p><br></p><p>मार्जिन कॉल: यह एक लाभकारी व्यापार की स्थिति के व्यापारियों को सचेत करने के लिए व्हाइटबीट द्वारा निर्धारित अधिसूचना है जो कभी भी परिसमाप्त हो सकती है। उपयोगकर्ता व्यापार के संभावित रिबाउंड की स्थिति में अधिक समय देने के लिए मार्जिन पर शेष राशि की भरपाई करके या तो कार्रवाई के लिए ऐसी कॉल का जवाब दे सकते हैं, अपने मार्जिन की स्थिति को कम कर सकते हैं या व्यापार को पूरी तरह से बंद कर सकते हैं जिससे 100 प्रतिशत तरल होने की संभावना कम हो जाती है। ।</p><p><br></p><p>डीआईएफआई: डेफी प्रोजेक्ट्स के लिए सभी प्रस्तावक CEX एक्सचेंजों में, व्हाइटबाइट ब्लॉकचैन उद्योग के विकेन्द्रीकृत वित्त अनुभाग से जारी इन परिसंपत्ति वर्गों की सूची में सबसे अधिक सक्रिय रूप से शामिल है। यह एक तथ्य है कि व्हाइटबीआईटी डीईएफआई क्षेत्र के विकास में बहुत शामिल है और डेफी सिक्कों के लिए एक फिएट जोड़ी को एकीकृत करने वाला पहला एक्सचेंज बन रहा है।</p>', NULL, NULL, 1, 1, 1, 1, '01-11-2020', 'November', NULL, NULL),
(7, 11, 21, 4, 2, 1, 'How a Silicon Valley Venture', 'कैसे एक सिलिकॉन वैली वेंचर', 'image/postimg/5f9ef10e68348.png', '<p>Startups play a vital role in economic growth and prosperity. However, the emergence of prominent startups in developing countries seldom occurs. The fundamental cause is not because of a lack of talented individuals in these communities. Rather, it’s due to the absence of educational resources and opportunities, which inhibits people from starting their own businesses.</p><p><br></p><p>Africa presents a unique case. As a continent, it undergoes yearly economic growth and has one of the world’s fastest-growing economies. This factor, coupled with a growing youth population, presents a foundation for rapid economic and social development.</p><p><br></p><p>Hiruy Amanuel believed that he could help Africa’s social and economic expansion with the proper investment strategy. As a well-known Silicon Valley entrepreneur and venture capitalist, he recognized an untapped tech industry that could thrive within Africa. Having a prolific investment portfolio under his belt, he placed his efforts not only into fostering a strong African tech sector but providing African youth the skillset for a brighter future.</p><p><br></p><p>Finding the missing niche</p><p><br></p><p>Amanuel and his co-founder Amadou Daffe initially had ideas to invest in Africa. However, the question of where and how became of critical importance.</p><p><br></p><p>After careful consideration, they found training individuals with software development skills would be highly marketable, given the advancements in technology and the global need for software developers. They targeted Ethiopia to begin the training programme, as there was a lack of prior investments within the sector and a substantial youth population.</p><p><br></p><p>Investing in people’s skill sets</p><p><br></p><p>As an investor, Amanuel knew that if they were to build the foundation for a strong tech sector in Ethiopia, this would require highly skilled and ambitious young software developers and updated technology for them to work with. As such, the team planned comprehensive software development courses and curriculum, which led to the foundation of Gebeya Inc., a platform to train and employ skilled African software developers.</p>', '<p>स्टार्टअप आर्थिक विकास और समृद्धि में महत्वपूर्ण भूमिका निभाते हैं। हालांकि, विकासशील देशों में प्रमुख स्टार्टअप का उदय शायद ही कभी होता है। इन समुदायों में प्रतिभाशाली व्यक्तियों की कमी के कारण मौलिक कारण नहीं है। बल्कि, यह शैक्षिक संसाधनों और अवसरों की अनुपस्थिति के कारण है, जो लोगों को अपने स्वयं के व्यवसाय शुरू करने से रोकता है।</p><p><br></p><p>अफ्रीका एक अनोखा मामला प्रस्तुत करता है। एक महाद्वीप के रूप में, यह वार्षिक आर्थिक विकास से गुजरता है और दुनिया की सबसे तेजी से बढ़ती अर्थव्यवस्थाओं में से एक है। यह कारक, एक बढ़ती हुई युवा आबादी के साथ मिलकर, तेजी से आर्थिक और सामाजिक विकास के लिए एक नींव प्रस्तुत करता है।</p><p><br></p><p>Hiruy Amanuel का मानना ​​था कि वह उचित निवेश रणनीति के साथ अफ्रीका के सामाजिक और आर्थिक विस्तार में मदद कर सकता है। एक प्रसिद्ध सिलिकॉन वैली उद्यमी और उद्यम पूंजीपति के रूप में, उन्होंने एक अप्रयुक्त टेक उद्योग को मान्यता दी जो अफ्रीका के भीतर पनप सकता था। अपनी बेल्ट के तहत एक शानदार निवेश पोर्टफोलियो के साथ, उन्होंने न केवल एक मजबूत अफ्रीकी तकनीक क्षेत्र को बढ़ावा देने में अपने प्रयासों को रखा बल्कि अफ्रीकी युवाओं को एक उज्जवल भविष्य के लिए कौशल प्रदान किया।</p><p><br></p><p>लापता आला का पता लगाना</p><p><br></p><p>Amanuel और उनके सह-संस्थापक Amadou Daffe के पास शुरू में अफ्रीका में निवेश करने के विचार थे। हालाँकि, महत्वपूर्ण महत्व कहाँ और कैसे का प्रश्न बन गया।</p><p><br></p><p>सावधानी से विचार करने के बाद, उन्होंने पाया कि सॉफ्टवेयर डेवलपमेंट स्किल के साथ प्रशिक्षण प्राप्त करने वाले व्यक्ति अत्यधिक विपणन योग्य होंगे, प्रौद्योगिकी में प्रगति और सॉफ्टवेयर डेवलपर्स की वैश्विक आवश्यकता को देखते हुए। उन्होंने प्रशिक्षण कार्यक्रम शुरू करने के लिए इथियोपिया को लक्षित किया, क्योंकि क्षेत्र के भीतर पूर्व निवेश और पर्याप्त युवा आबादी की कमी थी।</p><p><br></p><p>लोगों के कौशल सेट में निवेश करना</p><p><br></p><p>एक निवेशक के रूप में, अमानुएल को पता था कि अगर वे इथियोपिया में एक मजबूत तकनीकी क्षेत्र की नींव बनाने वाले हैं, तो इसके लिए अत्यधिक कुशल और महत्वाकांक्षी युवा सॉफ्टवेयर डेवलपर्स और उनके साथ काम करने के लिए अद्यतन तकनीक की आवश्यकता होगी। जैसे, टीम ने व्यापक सॉफ्टवेयर विकास पाठ्यक्रम और पाठ्यक्रम की योजना बनाई, जिसके कारण कुशल अफ्रीकी सॉफ्टवेयर डेवलपर्स को प्रशिक्षित करने और नियोजित करने के लिए एक प्लेटफॉर्म गेबेया इंक की नींव पड़ी।</p>', 'How a Silicon Valley Venture', 'कैसे एक सिलिकॉन वैली वेंचर', NULL, 1, 1, NULL, '01-11-2020', 'November', NULL, NULL),
(8, 11, 21, 1, 1, 1, 'based Linktree Raises USD', 'based Linktree Raises USD', 'image/postimg/5f9ef19a0c086.jpg', '<p>Linktree, a tech platform that can connects a user’s followers to her entire online ecosystem, said on Monday it has raised USD 10.7 million in Series A funding round led by Insight Partners and AirTree Ventures.</p><p><br></p><p>Founded in 2016 by Alex Zaccaria, Anthony Zaccaria, and Nick Humphreys, Linktree allows users to build a microsite that houses their digital ecosystem. The free bio link tool is used by over 8 million users globally, which includes big brands, celebrities and regular content creators.</p><p><br></p><p>“In the same way Shopify and Stripe simplify the internet economy for eCommerce and enable other businesses to make revenue easily, Linktree does the same for creators, artists, businesses, and everyone in-between,” said the company in its press statement.</p><p><br></p><p>The platform records over 28,000 sign ups every day, the company said in a statement.</p><p><br></p><p><br></p><p><br></p><p>Before the recent funding round, Linktree was bootstrapped and even profitable since its inception.</p><p><br></p><p>“From the beginning we’ve been focused on creating a company cut from a different cloth. We’ve been bootstrapped and profitable from day one, and have achieved a lot in four years with a lean, Melbourne-based team. I am incredibly proud to announce this raise alongside our incredible investor partners, and to leverage their expertise to create something truly unique in the tech sector,” said co-founder and CEO Zaccaria.</p><p><br></p><p>The Melbourne-headquartered startup will deploy the fresh capital to expand in international markets, including global team growth, and evolve its product and functionality in new ways to deliver valuable user experiences.</p><p><br></p><p>“Linktree has successfully created this new “microsite” category enabling companies to monetize the next generation of the internet economy via a single interactive hub. The impressive traction and growing number of customers Linktree has gained over the last few months demonstrates its proven market fit, and we could not be more excited to work with the Linktree team as they transition to the ScaleUp phase of growth,” said Jeff Lieberman, Managing Director at Insight Partners.&nbsp;</p>', '<p>लिंकट्री, एक तकनीकी प्लेटफॉर्म जो एक उपयोगकर्ता के अनुयायियों को उसके पूरे ऑनलाइन पारिस्थितिकी तंत्र से जोड़ सकता है, सोमवार को कहा कि इसने इनसाइट पार्टनर्स और एयरट्री वेंचर्स के नेतृत्व में एक फंडिंग राउंड में USD 10.7 मिलियन अमरीकी डॉलर जुटाए हैं।</p><p><br></p><p>2016 में एलेक्स ज़ाकारिया, एंथनी ज़ैकेरिया और निक हम्फ्रीज़ द्वारा स्थापित, लिंक्ट्री उपयोगकर्ताओं को एक माइक्रोसाइट बनाने की अनुमति देता है जो उनके डिजिटल पारिस्थितिकी तंत्र का निर्माण करती है। नि: शुल्क जैव लिंक उपकरण का उपयोग विश्व स्तर पर 8 मिलियन से अधिक उपयोगकर्ताओं द्वारा किया जाता है, जिसमें बड़े ब्रांड, मशहूर हस्तियां और नियमित सामग्री निर्माता शामिल हैं।</p><p><br></p><p>\"उसी तरह से Shopify और Stripe ई-कॉमर्स के लिए इंटरनेट की अर्थव्यवस्था को सरल बनाते हैं और अन्य व्यवसायों को आसानी से राजस्व बनाने में सक्षम करते हैं, Linktree रचनाकारों, कलाकारों, व्यवसायों और सभी के लिए समान है,\" कंपनी ने अपने प्रेस बयान में कहा।</p><p><br></p><p>कंपनी ने एक बयान में कहा, प्लेटफॉर्म हर दिन 28,000 से अधिक साइन अप करता है।</p><p><br></p><p><br></p><p><br></p><p>हाल के फंडिंग राउंड से पहले, लिंक्ट्री को बूटस्ट्रैप किया गया था और इसकी स्थापना के बाद से भी लाभदायक था।</p><p><br></p><p>\"शुरू से ही हम एक अलग कपड़े से एक कंपनी की कटौती बनाने पर ध्यान केंद्रित किया है। हमें पहले ही दिन से बूटस्ट्रैप और लाभदायक बना दिया गया है, और एक दुबली, मेलबोर्न-आधारित टीम के साथ चार वर्षों में बहुत कुछ हासिल किया है। सह-संस्थापक और मुख्य कार्यकारी अधिकारी जकरिया ने कहा, मुझे अपने अविश्वसनीय निवेशक साझेदारों के साथ यह घोषणा करने और तकनीकी क्षेत्र में वास्तव में अद्वितीय बनाने के लिए अपनी विशेषज्ञता का लाभ उठाने पर गर्व है।</p><p><br></p><p>मेलबोर्न मुख्यालय वाला स्टार्टअप वैश्विक टीम के विकास सहित अंतरराष्ट्रीय बाजारों में विस्तार करने के लिए नई पूंजी की तैनाती करेगा, और मूल्यवान उपयोगकर्ता अनुभवों को वितरित करने के लिए अपने उत्पाद और कार्यक्षमता को नए तरीकों से विकसित करेगा।</p><p><br></p><p>\"लिंक्ट्री ने सफलतापूर्वक इस नए\" माइक्रोसाइट \"श्रेणी को बनाया है जो कंपनियों को एक एकल इंटरैक्टिव हब के माध्यम से इंटरनेट अर्थव्यवस्था की अगली पीढ़ी को विमुद्रीकृत करने में सक्षम बनाता है। पिछले कुछ महीनों में ग्राहकों के प्रभावशाली कर्षण और बढ़ती संख्या ने अपने सिद्ध बाजार फिट को प्रदर्शित किया है, और हम लिंकट्री टीम के साथ काम करने के लिए अधिक उत्साहित नहीं हो सकते हैं क्योंकि वे विकास के स्केलअप चरण में संक्रमण करते हैं, \"जेफ लीबरमैन,\" इनसाइट पार्टनर्स में प्रबंध निदेशक।</p>', 'based Linktree Raises USD', 'based Linktree Raises USD', NULL, 1, 1, 1, '01-11-2020', 'November', NULL, NULL),
(9, 7, 7, 1, 1, 1, 'Big Businesses That Started', 'बिग बिजनेस जो शुरू किया', 'image/postimg/5f9ef1efa75c8.png', '<p><br></p><p>Linktree, a tech platform that can connects a user’s followers to her entire online ecosystem, said on Monday it has raised USD 10.7 million in Series A funding round led by Insight Partners and AirTree Ventures.</p><p><br></p><p>Founded in 2016 by Alex Zaccaria, Anthony Zaccaria, and Nick Humphreys, Linktree allows users to build a microsite that houses their digital ecosystem. The free bio link tool is used by over 8 million users globally, which includes big brands, celebrities and regular content creators.</p><p><br></p><p>“In the same way Shopify and Stripe simplify the internet economy for eCommerce and enable other businesses to make revenue easily, Linktree does the same for creators, artists, businesses, and everyone in-between,” said the company in its press statement.</p><p><br></p><p>The platform records over 28,000 sign ups every day, the company said in a statement.</p><p><br></p><p><br></p><p><br></p><p>Before the recent funding round, Linktree was bootstrapped and even profitable since its inception.</p><p><br></p><p>“From the beginning we’ve been focused on creating a company cut from a different cloth. We’ve been bootstrapped and profitable from day one, and have achieved a lot in four years with a lean, Melbourne-based team. I am incredibly proud to announce this raise alongside our incredible investor partners, and to leverage their expertise to create something truly unique in the tech sector,” said co-founder and CEO Zaccaria.</p><p><br></p><p>The Melbourne-headquartered startup will deploy the fresh capital to expand in international markets, including global team growth, and evolve its product and functionality in new ways to deliver valuable user experiences.</p><p><br></p><p>“Linktree has successfully created this new “microsite” category enabling companies to monetize the next generation of the internet economy via a single interactive hub. The impressive traction and growing number of customers Linktree has gained over the last few months demonstrates its proven market fit, and we could not be more excited to work with the Linktree team as they transition to the ScaleUp phase of growth,” said Jeff Lieberman, Managing Director at Insight Partners.&nbsp;</p><p><br></p><p><br></p>', '<p>लिंकट्री, एक तकनीकी प्लेटफॉर्म जो एक उपयोगकर्ता के अनुयायियों को उसके पूरे ऑनलाइन पारिस्थितिकी तंत्र से जोड़ सकता है, सोमवार को कहा कि इसने इनसाइट पार्टनर्स और एयरट्री वेंचर्स के नेतृत्व में एक फंडिंग राउंड में USD 10.7 मिलियन अमरीकी डॉलर जुटाए हैं।</p><p><br></p><p>2016 में एलेक्स ज़ाकारिया, एंथनी ज़ैकेरिया और निक हम्फ्रीज़ द्वारा स्थापित, लिंक्ट्री उपयोगकर्ताओं को एक माइक्रोसाइट बनाने की अनुमति देता है जो उनके डिजिटल पारिस्थितिकी तंत्र का निर्माण करती है। नि: शुल्क जैव लिंक उपकरण का उपयोग विश्व स्तर पर 8 मिलियन से अधिक उपयोगकर्ताओं द्वारा किया जाता है, जिसमें बड़े ब्रांड, मशहूर हस्तियां और नियमित सामग्री निर्माता शामिल हैं।</p><p><br></p><p>\"उसी तरह से Shopify और Stripe ई-कॉमर्स के लिए इंटरनेट की अर्थव्यवस्था को सरल बनाते हैं और अन्य व्यवसायों को आसानी से राजस्व बनाने में सक्षम करते हैं, Linktree रचनाकारों, कलाकारों, व्यवसायों और सभी के लिए समान है,\" कंपनी ने अपने प्रेस बयान में कहा।</p><p><br></p><p>कंपनी ने एक बयान में कहा, प्लेटफॉर्म हर दिन 28,000 से अधिक साइन अप करता है।</p><p><br></p><p><br></p><p><br></p><p>हाल के फंडिंग राउंड से पहले, लिंक्ट्री को बूटस्ट्रैप किया गया था और इसकी स्थापना के बाद से भी लाभदायक था।</p><p><br></p><p>\"शुरू से ही हम एक अलग कपड़े से एक कंपनी की कटौती बनाने पर ध्यान केंद्रित किया है। हमें पहले ही दिन से बूटस्ट्रैप और लाभदायक बना दिया गया है, और एक दुबली, मेलबोर्न-आधारित टीम के साथ चार वर्षों में बहुत कुछ हासिल किया है। सह-संस्थापक और मुख्य कार्यकारी अधिकारी जकरिया ने कहा, मुझे अपने अविश्वसनीय निवेशक साझेदारों के साथ यह घोषणा करने और तकनीकी क्षेत्र में वास्तव में अद्वितीय बनाने के लिए अपनी विशेषज्ञता का लाभ उठाने पर गर्व है।</p><p><br></p><p>मेलबोर्न मुख्यालय वाला स्टार्टअप वैश्विक टीम के विकास सहित अंतरराष्ट्रीय बाजारों में विस्तार करने के लिए नई पूंजी की तैनाती करेगा, और मूल्यवान उपयोगकर्ता अनुभवों को वितरित करने के लिए अपने उत्पाद और कार्यक्षमता को नए तरीकों से विकसित करेगा।</p><p><br></p><p>\"लिंक्ट्री ने सफलतापूर्वक इस नए\" माइक्रोसाइट \"श्रेणी को बनाया है जो कंपनियों को एक एकल इंटरैक्टिव हब के माध्यम से इंटरनेट अर्थव्यवस्था की अगली पीढ़ी को विमुद्रीकृत करने में सक्षम बनाता है। पिछले कुछ महीनों में ग्राहकों के प्रभावशाली कर्षण और बढ़ती संख्या ने अपने सिद्ध बाजार फिट को प्रदर्शित किया है, और हम लिंकट्री टीम के साथ काम करने के लिए अधिक उत्साहित नहीं हो सकते हैं क्योंकि वे विकास के स्केलअप चरण में संक्रमण करते हैं, \"जेफ लीबरमैन,\" इनसाइट पार्टनर्स में प्रबंध निदेशक।</p><p><br></p><p><br></p>', 'Big Businesses That Started', 'बिग बिजनेस जो शुरू किया', 1, 1, 1, 1, '01-11-2020', 'November', NULL, NULL),
(10, 8, 13, 4, 4, 1, 'Hand Louis Vuitton Bag', 'हाथ लुइस विटन बैग', 'image/postimg/5f9ef232985f7.jpg', '<p><br></p><p><br></p><p>Linktree, a tech platform that can connects a user’s followers to her entire online ecosystem, said on Monday it has raised USD 10.7 million in Series A funding round led by Insight Partners and AirTree Ventures.</p><p><br></p><p>Founded in 2016 by Alex Zaccaria, Anthony Zaccaria, and Nick Humphreys, Linktree allows users to build a microsite that houses their digital ecosystem. The free bio link tool is used by over 8 million users globally, which includes big brands, celebrities and regular content creators.</p><p><br></p><p>“In the same way Shopify and Stripe simplify the internet economy for eCommerce and enable other businesses to make revenue easily, Linktree does the same for creators, artists, businesses, and everyone in-between,” said the company in its press statement.</p><p><br></p><p>The platform records over 28,000 sign ups every day, the company said in a statement.</p><p><br></p><p><br></p><p><br></p><p>Before the recent funding round, Linktree was bootstrapped and even profitable since its inception.</p><p><br></p><p>“From the beginning we’ve been focused on creating a company cut from a different cloth. We’ve been bootstrapped and profitable from day one, and have achieved a lot in four years with a lean, Melbourne-based team. I am incredibly proud to announce this raise alongside our incredible investor partners, and to leverage their expertise to create something truly unique in the tech sector,” said co-founder and CEO Zaccaria.</p><p><br></p><p>The Melbourne-headquartered startup will deploy the fresh capital to expand in international markets, including global team growth, and evolve its product and functionality in new ways to deliver valuable user experiences.</p><p><br></p><p>“Linktree has successfully created this new “microsite” category enabling companies to monetize the next generation of the internet economy via a single interactive hub. The impressive traction and growing number of customers Linktree has gained over the last few months demonstrates its proven market fit, and we could not be more excited to work with the Linktree team as they transition to the ScaleUp phase of growth,” said Jeff Lieberman, Managing Director at Insight Partners.&nbsp;</p><div><br></div>', '<p>लिंकट्री, एक तकनीकी प्लेटफॉर्म जो एक उपयोगकर्ता के अनुयायियों को उसके पूरे ऑनलाइन पारिस्थितिकी तंत्र से जोड़ सकता है, सोमवार को कहा कि इसने इनसाइट पार्टनर्स और एयरट्री वेंचर्स के नेतृत्व में एक फंडिंग राउंड में USD 10.7 मिलियन अमरीकी डॉलर जुटाए हैं।</p><p><br></p><p>2016 में एलेक्स ज़ाकारिया, एंथनी ज़ैकेरिया और निक हम्फ्रीज़ द्वारा स्थापित, लिंक्ट्री उपयोगकर्ताओं को एक माइक्रोसाइट बनाने की अनुमति देता है जो उनके डिजिटल पारिस्थितिकी तंत्र का निर्माण करती है। नि: शुल्क जैव लिंक उपकरण का उपयोग विश्व स्तर पर 8 मिलियन से अधिक उपयोगकर्ताओं द्वारा किया जाता है, जिसमें बड़े ब्रांड, मशहूर हस्तियां और नियमित सामग्री निर्माता शामिल हैं।</p><p><br></p><p>\"उसी तरह से Shopify और Stripe ई-कॉमर्स के लिए इंटरनेट की अर्थव्यवस्था को सरल बनाते हैं और अन्य व्यवसायों को आसानी से राजस्व बनाने में सक्षम करते हैं, Linktree रचनाकारों, कलाकारों, व्यवसायों और सभी के लिए समान है,\" कंपनी ने अपने प्रेस बयान में कहा।</p><p><br></p><p>कंपनी ने एक बयान में कहा, प्लेटफॉर्म हर दिन 28,000 से अधिक साइन अप करता है।</p><p><br></p><p><br></p><p><br></p><p>हाल के फंडिंग राउंड से पहले, लिंक्ट्री को बूटस्ट्रैप किया गया था और इसकी स्थापना के बाद से भी लाभदायक था।</p><p><br></p><p>\"शुरू से ही हम एक अलग कपड़े से एक कंपनी की कटौती बनाने पर ध्यान केंद्रित किया है। हमें पहले ही दिन से बूटस्ट्रैप और लाभदायक बना दिया गया है, और एक दुबली, मेलबोर्न-आधारित टीम के साथ चार वर्षों में बहुत कुछ हासिल किया है। सह-संस्थापक और मुख्य कार्यकारी अधिकारी जकरिया ने कहा, मुझे अपने अविश्वसनीय निवेशक साझेदारों के साथ यह घोषणा करने और तकनीकी क्षेत्र में वास्तव में अद्वितीय बनाने के लिए अपनी विशेषज्ञता का लाभ उठाने पर गर्व है।</p><p><br></p><p>मेलबोर्न मुख्यालय वाला स्टार्टअप वैश्विक टीम के विकास सहित अंतरराष्ट्रीय बाजारों में विस्तार करने के लिए नई पूंजी की तैनाती करेगा, और मूल्यवान उपयोगकर्ता अनुभवों को वितरित करने के लिए अपने उत्पाद और कार्यक्षमता को नए तरीकों से विकसित करेगा।</p><p><br></p><p>\"लिंक्ट्री ने सफलतापूर्वक इस नए\" माइक्रोसाइट \"श्रेणी को बनाया है जो कंपनियों को एक एकल इंटरैक्टिव हब के माध्यम से इंटरनेट अर्थव्यवस्था की अगली पीढ़ी को विमुद्रीकृत करने में सक्षम बनाता है। पिछले कुछ महीनों में ग्राहकों के प्रभावशाली कर्षण और बढ़ती संख्या ने अपने सिद्ध बाजार फिट को प्रदर्शित किया है, और हम लिंकट्री टीम के साथ काम करने के लिए अधिक उत्साहित नहीं हो सकते हैं क्योंकि वे विकास के स्केलअप चरण में संक्रमण करते हैं, \"जेफ लीबरमैन,\" इनसाइट पार्टनर्स में प्रबंध निदेशक।</p><p><br></p><p><br></p>', 'Hand Louis Vuitton Bag', 'हाथ लुइस विटन बैग', NULL, NULL, 1, NULL, '01-11-2020', 'November', NULL, NULL),
(11, 8, 14, 4, 2, 1, 'Why You Should Build a Personal', 'क्यों तुम एक व्यक्तिगत निर्माण करना चाहिए', 'image/postimg/5f9ef27b38c6c.jpg', '<p><br></p><p><br></p><p>Linktree, a tech platform that can connects a user’s followers to her entire online ecosystem, said on Monday it has raised USD 10.7 million in Series A funding round led by Insight Partners and AirTree Ventures.</p><p><br></p><p>Founded in 2016 by Alex Zaccaria, Anthony Zaccaria, and Nick Humphreys, Linktree allows users to build a microsite that houses their digital ecosystem. The free bio link tool is used by over 8 million users globally, which includes big brands, celebrities and regular content creators.</p><p><br></p><p>“In the same way Shopify and Stripe simplify the internet economy for eCommerce and enable other businesses to make revenue easily, Linktree does the same for creators, artists, businesses, and everyone in-between,” said the company in its press statement.</p><p><br></p><p>The platform records over 28,000 sign ups every day, the company said in a statement.</p><p><br></p><p><br></p><p><br></p><p>Before the recent funding round, Linktree was bootstrapped and even profitable since its inception.</p><p><br></p><p>“From the beginning we’ve been focused on creating a company cut from a different cloth. We’ve been bootstrapped and profitable from day one, and have achieved a lot in four years with a lean, Melbourne-based team. I am incredibly proud to announce this raise alongside our incredible investor partners, and to leverage their expertise to create something truly unique in the tech sector,” said co-founder and CEO Zaccaria.</p><p><br></p><p>The Melbourne-headquartered startup will deploy the fresh capital to expand in international markets, including global team growth, and evolve its product and functionality in new ways to deliver valuable user experiences.</p><p><br></p><p>“Linktree has successfully created this new “microsite” category enabling companies to monetize the next generation of the internet economy via a single interactive hub. The impressive traction and growing number of customers Linktree has gained over the last few months demonstrates its proven market fit, and we could not be more excited to work with the Linktree team as they transition to the ScaleUp phase of growth,” said Jeff Lieberman, Managing Director at Insight Partners.&nbsp;</p><div><br></div>', '<p>लिंकट्री, एक तकनीकी प्लेटफॉर्म जो एक उपयोगकर्ता के अनुयायियों को उसके पूरे ऑनलाइन पारिस्थितिकी तंत्र से जोड़ सकता है, सोमवार को कहा कि इसने इनसाइट पार्टनर्स और एयरट्री वेंचर्स के नेतृत्व में एक फंडिंग राउंड में USD 10.7 मिलियन अमरीकी डॉलर जुटाए हैं।</p><p><br></p><p>2016 में एलेक्स ज़ाकारिया, एंथनी ज़ैकेरिया और निक हम्फ्रीज़ द्वारा स्थापित, लिंक्ट्री उपयोगकर्ताओं को एक माइक्रोसाइट बनाने की अनुमति देता है जो उनके डिजिटल पारिस्थितिकी तंत्र का निर्माण करती है। नि: शुल्क जैव लिंक उपकरण का उपयोग विश्व स्तर पर 8 मिलियन से अधिक उपयोगकर्ताओं द्वारा किया जाता है, जिसमें बड़े ब्रांड, मशहूर हस्तियां और नियमित सामग्री निर्माता शामिल हैं।</p><p><br></p><p>\"उसी तरह से Shopify और Stripe ई-कॉमर्स के लिए इंटरनेट की अर्थव्यवस्था को सरल बनाते हैं और अन्य व्यवसायों को आसानी से राजस्व बनाने में सक्षम करते हैं, Linktree रचनाकारों, कलाकारों, व्यवसायों और सभी के लिए समान है,\" कंपनी ने अपने प्रेस बयान में कहा।</p><p><br></p><p>कंपनी ने एक बयान में कहा, प्लेटफॉर्म हर दिन 28,000 से अधिक साइन अप करता है।</p><p><br></p><p><br></p><p><br></p><p>हाल के फंडिंग राउंड से पहले, लिंक्ट्री को बूटस्ट्रैप किया गया था और इसकी स्थापना के बाद से भी लाभदायक था।</p><p><br></p><p>\"शुरू से ही हम एक अलग कपड़े से एक कंपनी की कटौती बनाने पर ध्यान केंद्रित किया है। हमें पहले ही दिन से बूटस्ट्रैप और लाभदायक बना दिया गया है, और एक दुबली, मेलबोर्न-आधारित टीम के साथ चार वर्षों में बहुत कुछ हासिल किया है। सह-संस्थापक और मुख्य कार्यकारी अधिकारी जकरिया ने कहा, मुझे अपने अविश्वसनीय निवेशक साझेदारों के साथ यह घोषणा करने और तकनीकी क्षेत्र में वास्तव में अद्वितीय बनाने के लिए अपनी विशेषज्ञता का लाभ उठाने पर गर्व है।</p><p><br></p><p>मेलबोर्न मुख्यालय वाला स्टार्टअप वैश्विक टीम के विकास सहित अंतरराष्ट्रीय बाजारों में विस्तार करने के लिए नई पूंजी की तैनाती करेगा, और मूल्यवान उपयोगकर्ता अनुभवों को वितरित करने के लिए अपने उत्पाद और कार्यक्षमता को नए तरीकों से विकसित करेगा।</p><p><br></p><p>\"लिंक्ट्री ने सफलतापूर्वक इस नए\" माइक्रोसाइट \"श्रेणी को बनाया है जो कंपनियों को एक एकल इंटरैक्टिव हब के माध्यम से इंटरनेट अर्थव्यवस्था की अगली पीढ़ी को विमुद्रीकृत करने में सक्षम बनाता है। पिछले कुछ महीनों में ग्राहकों के प्रभावशाली कर्षण और बढ़ती संख्या ने अपने सिद्ध बाजार फिट को प्रदर्शित किया है, और हम लिंकट्री टीम के साथ काम करने के लिए अधिक उत्साहित नहीं हो सकते हैं क्योंकि वे विकास के स्केलअप चरण में संक्रमण करते हैं, \"जेफ लीबरमैन,\" इनसाइट पार्टनर्स में प्रबंध निदेशक।</p><p><br></p><p><br></p>', 'Why You Should Build a Personal', 'क्यों तुम एक व्यक्तिगत निर्माण करना चाहिए', NULL, 1, 1, NULL, '01-11-2020', 'November', NULL, NULL),
(12, 8, 14, 4, 4, 1, '8 Books to Help You Find', '8 किताबें आपको खोजने में मदद करने के लिए', 'image/postimg/5f9ef2d77e9fa.jpg', '<p><br></p><p><br></p><p>Linktree, a tech platform that can connects a user’s followers to her entire online ecosystem, said on Monday it has raised USD 10.7 million in Series A funding round led by Insight Partners and AirTree Ventures.</p><p><br></p><p>Founded in 2016 by Alex Zaccaria, Anthony Zaccaria, and Nick Humphreys, Linktree allows users to build a microsite that houses their digital ecosystem. The free bio link tool is used by over 8 million users globally, which includes big brands, celebrities and regular content creators.</p><p><br></p><p>“In the same way Shopify and Stripe simplify the internet economy for eCommerce and enable other businesses to make revenue easily, Linktree does the same for creators, artists, businesses, and everyone in-between,” said the company in its press statement.</p><p><br></p><p>The platform records over 28,000 sign ups every day, the company said in a statement.</p><p><br></p><p><br></p><p><br></p><p>Before the recent funding round, Linktree was bootstrapped and even profitable since its inception.</p><p><br></p><p>“From the beginning we’ve been focused on creating a company cut from a different cloth. We’ve been bootstrapped and profitable from day one, and have achieved a lot in four years with a lean, Melbourne-based team. I am incredibly proud to announce this raise alongside our incredible investor partners, and to leverage their expertise to create something truly unique in the tech sector,” said co-founder and CEO Zaccaria.</p><p><br></p><p>The Melbourne-headquartered startup will deploy the fresh capital to expand in international markets, including global team growth, and evolve its product and functionality in new ways to deliver valuable user experiences.</p><p><br></p><p>“Linktree has successfully created this new “microsite” category enabling companies to monetize the next generation of the internet economy via a single interactive hub. The impressive traction and growing number of customers Linktree has gained over the last few months demonstrates its proven market fit, and we could not be more excited to work with the Linktree team as they transition to the ScaleUp phase of growth,” said Jeff Lieberman, Managing Director at Insight Partners.&nbsp;</p><p><br></p><p><br></p>', '<p>लिंकट्री, एक तकनीकी प्लेटफॉर्म जो एक उपयोगकर्ता के अनुयायियों को उसके पूरे ऑनलाइन पारिस्थितिकी तंत्र से जोड़ सकता है, सोमवार को कहा कि इसने इनसाइट पार्टनर्स और एयरट्री वेंचर्स के नेतृत्व में एक फंडिंग राउंड में USD 10.7 मिलियन अमरीकी डॉलर जुटाए हैं।</p><p><br></p><p>2016 में एलेक्स ज़ाकारिया, एंथनी ज़ैकेरिया और निक हम्फ्रीज़ द्वारा स्थापित, लिंक्ट्री उपयोगकर्ताओं को एक माइक्रोसाइट बनाने की अनुमति देता है जो उनके डिजिटल पारिस्थितिकी तंत्र का निर्माण करती है। नि: शुल्क जैव लिंक उपकरण का उपयोग विश्व स्तर पर 8 मिलियन से अधिक उपयोगकर्ताओं द्वारा किया जाता है, जिसमें बड़े ब्रांड, मशहूर हस्तियां और नियमित सामग्री निर्माता शामिल हैं।</p><p><br></p><p>\"उसी तरह से Shopify और Stripe ई-कॉमर्स के लिए इंटरनेट की अर्थव्यवस्था को सरल बनाते हैं और अन्य व्यवसायों को आसानी से राजस्व बनाने में सक्षम करते हैं, Linktree रचनाकारों, कलाकारों, व्यवसायों और सभी के लिए समान है,\" कंपनी ने अपने प्रेस बयान में कहा।</p><p><br></p><p>कंपनी ने एक बयान में कहा, प्लेटफॉर्म हर दिन 28,000 से अधिक साइन अप करता है।</p><p><br></p><p><br></p><p><br></p><p>हाल के फंडिंग राउंड से पहले, लिंक्ट्री को बूटस्ट्रैप किया गया था और इसकी स्थापना के बाद से भी लाभदायक था।</p><p><br></p><p>\"शुरू से ही हम एक अलग कपड़े से एक कंपनी की कटौती बनाने पर ध्यान केंद्रित किया है। हमें पहले ही दिन से बूटस्ट्रैप और लाभदायक बना दिया गया है, और एक दुबली, मेलबोर्न-आधारित टीम के साथ चार वर्षों में बहुत कुछ हासिल किया है। सह-संस्थापक और मुख्य कार्यकारी अधिकारी जकरिया ने कहा, मुझे अपने अविश्वसनीय निवेशक साझेदारों के साथ यह घोषणा करने और तकनीकी क्षेत्र में वास्तव में अद्वितीय बनाने के लिए अपनी विशेषज्ञता का लाभ उठाने पर गर्व है।</p><p><br></p><p>मेलबोर्न मुख्यालय वाला स्टार्टअप वैश्विक टीम के विकास सहित अंतरराष्ट्रीय बाजारों में विस्तार करने के लिए नई पूंजी की तैनाती करेगा, और मूल्यवान उपयोगकर्ता अनुभवों को वितरित करने के लिए अपने उत्पाद और कार्यक्षमता को नए तरीकों से विकसित करेगा।</p><p><br></p><p>\"लिंक्ट्री ने सफलतापूर्वक इस नए\" माइक्रोसाइट \"श्रेणी को बनाया है जो कंपनियों को एक एकल इंटरैक्टिव हब के माध्यम से इंटरनेट अर्थव्यवस्था की अगली पीढ़ी को विमुद्रीकृत करने में सक्षम बनाता है। पिछले कुछ महीनों में ग्राहकों के प्रभावशाली कर्षण और बढ़ती संख्या ने अपने सिद्ध बाजार फिट को प्रदर्शित किया है, और हम लिंकट्री टीम के साथ काम करने के लिए अधिक उत्साहित नहीं हो सकते हैं क्योंकि वे विकास के स्केलअप चरण में संक्रमण करते हैं, \"जेफ लीबरमैन,\" इनसाइट पार्टनर्स में प्रबंध निदेशक।</p><p><br></p><p><br></p>', '8 Books to Help You Find', '8 किताबें आपको खोजने में मदद करने के लिए', 1, 1, NULL, NULL, '01-11-2020', 'November', NULL, NULL),
(13, 8, 14, 4, 2, 1, 'Skills that Miami Heat Head', 'कौशल है कि मियामी हीट हेड', 'image/postimg/5f9ef31f8a3f7.jpg', '<p><br></p><p><br></p><p>Linktree, a tech platform that can connects a user’s followers to her entire online ecosystem, said on Monday it has raised USD 10.7 million in Series A funding round led by Insight Partners and AirTree Ventures.</p><p><br></p><p>Founded in 2016 by Alex Zaccaria, Anthony Zaccaria, and Nick Humphreys, Linktree allows users to build a microsite that houses their digital ecosystem. The free bio link tool is used by over 8 million users globally, which includes big brands, celebrities and regular content creators.</p><p><br></p><p>“In the same way Shopify and Stripe simplify the internet economy for eCommerce and enable other businesses to make revenue easily, Linktree does the same for creators, artists, businesses, and everyone in-between,” said the company in its press statement.</p><p><br></p><p>The platform records over 28,000 sign ups every day, the company said in a statement.</p><p><br></p><p><br></p><p><br></p><p>Before the recent funding round, Linktree was bootstrapped and even profitable since its inception.</p><p><br></p><p>“From the beginning we’ve been focused on creating a company cut from a different cloth. We’ve been bootstrapped and profitable from day one, and have achieved a lot in four years with a lean, Melbourne-based team. I am incredibly proud to announce this raise alongside our incredible investor partners, and to leverage their expertise to create something truly unique in the tech sector,” said co-founder and CEO Zaccaria.</p><p><br></p><p>The Melbourne-headquartered startup will deploy the fresh capital to expand in international markets, including global team growth, and evolve its product and functionality in new ways to deliver valuable user experiences.</p><p><br></p><p>“Linktree has successfully created this new “microsite” category enabling companies to monetize the next generation of the internet economy via a single interactive hub. The impressive traction and growing number of customers Linktree has gained over the last few months demonstrates its proven market fit, and we could not be more excited to work with the Linktree team as they transition to the ScaleUp phase of growth,” said Jeff Lieberman, Managing Director at Insight Partners.&nbsp;</p><p><br></p><p><br></p>', '<p>लिंकट्री, एक तकनीकी प्लेटफॉर्म जो एक उपयोगकर्ता के अनुयायियों को उसके पूरे ऑनलाइन पारिस्थितिकी तंत्र से जोड़ सकता है, सोमवार को कहा कि इसने इनसाइट पार्टनर्स और एयरट्री वेंचर्स के नेतृत्व में एक फंडिंग राउंड में USD 10.7 मिलियन अमरीकी डॉलर जुटाए हैं।</p><p><br></p><p>2016 में एलेक्स ज़ाकारिया, एंथनी ज़ैकेरिया और निक हम्फ्रीज़ द्वारा स्थापित, लिंक्ट्री उपयोगकर्ताओं को एक माइक्रोसाइट बनाने की अनुमति देता है जो उनके डिजिटल पारिस्थितिकी तंत्र का निर्माण करती है। नि: शुल्क जैव लिंक उपकरण का उपयोग विश्व स्तर पर 8 मिलियन से अधिक उपयोगकर्ताओं द्वारा किया जाता है, जिसमें बड़े ब्रांड, मशहूर हस्तियां और नियमित सामग्री निर्माता शामिल हैं।</p><p><br></p><p>\"उसी तरह से Shopify और Stripe ई-कॉमर्स के लिए इंटरनेट की अर्थव्यवस्था को सरल बनाते हैं और अन्य व्यवसायों को आसानी से राजस्व बनाने में सक्षम करते हैं, Linktree रचनाकारों, कलाकारों, व्यवसायों और सभी के लिए समान है,\" कंपनी ने अपने प्रेस बयान में कहा।</p><p><br></p><p>कंपनी ने एक बयान में कहा, प्लेटफॉर्म हर दिन 28,000 से अधिक साइन अप करता है।</p><p><br></p><p><br></p><p><br></p><p>हाल के फंडिंग राउंड से पहले, लिंक्ट्री को बूटस्ट्रैप किया गया था और इसकी स्थापना के बाद से भी लाभदायक था।</p><p><br></p><p>\"शुरू से ही हम एक अलग कपड़े से एक कंपनी की कटौती बनाने पर ध्यान केंद्रित किया है। हमें पहले ही दिन से बूटस्ट्रैप और लाभदायक बना दिया गया है, और एक दुबली, मेलबोर्न-आधारित टीम के साथ चार वर्षों में बहुत कुछ हासिल किया है। सह-संस्थापक और मुख्य कार्यकारी अधिकारी जकरिया ने कहा, मुझे अपने अविश्वसनीय निवेशक साझेदारों के साथ यह घोषणा करने और तकनीकी क्षेत्र में वास्तव में अद्वितीय बनाने के लिए अपनी विशेषज्ञता का लाभ उठाने पर गर्व है।</p><p><br></p><p>मेलबोर्न मुख्यालय वाला स्टार्टअप वैश्विक टीम के विकास सहित अंतरराष्ट्रीय बाजारों में विस्तार करने के लिए नई पूंजी की तैनाती करेगा, और मूल्यवान उपयोगकर्ता अनुभवों को वितरित करने के लिए अपने उत्पाद और कार्यक्षमता को नए तरीकों से विकसित करेगा।</p><p><br></p><p>\"लिंक्ट्री ने सफलतापूर्वक इस नए\" माइक्रोसाइट \"श्रेणी को बनाया है जो कंपनियों को एक एकल इंटरैक्टिव हब के माध्यम से इंटरनेट अर्थव्यवस्था की अगली पीढ़ी को विमुद्रीकृत करने में सक्षम बनाता है। पिछले कुछ महीनों में ग्राहकों के प्रभावशाली कर्षण और बढ़ती संख्या ने अपने सिद्ध बाजार फिट को प्रदर्शित किया है, और हम लिंकट्री टीम के साथ काम करने के लिए अधिक उत्साहित नहीं हो सकते हैं क्योंकि वे विकास के स्केलअप चरण में संक्रमण करते हैं, \"जेफ लीबरमैन,\" इनसाइट पार्टनर्स में प्रबंध निदेशक।</p><p><br></p><p><br></p><p><br></p><p><br></p>', 'Skills that Miami Heat Head', 'कौशल है कि मियामी हीट हेड', NULL, 1, NULL, 1, '01-11-2020', 'November', NULL, NULL),
(14, 9, 17, 4, 2, 1, 'Funded Coffee Table Book Is', 'वित्त पोषित कॉफी टेबल बुक है', 'image/postimg/5f9ef3c33bb4c.jpg', '<p><span style=\"font-size: 0.875rem; font-weight: initial;\">Linktree, a tech platform that can connects a user’s followers to her entire online ecosystem, said on Monday it has raised USD 10.7 million in Series A funding round led by Insight Partners and AirTree Ventures.</span><br></p><p><br></p><p>Founded in 2016 by Alex Zaccaria, Anthony Zaccaria, and Nick Humphreys, Linktree allows users to build a microsite that houses their digital ecosystem. The free bio link tool is used by over 8 million users globally, which includes big brands, celebrities and regular content creators.</p><p><br></p><p>“In the same way Shopify and Stripe simplify the internet economy for eCommerce and enable other businesses to make revenue easily, Linktree does the same for creators, artists, businesses, and everyone in-between,” said the company in its press statement.</p><p><br></p><p>The platform records over 28,000 sign ups every day, the company said in a statement.</p><p><br></p><p><br></p><p><br></p><p>Before the recent funding round, Linktree was bootstrapped and even profitable since its inception.</p><p><br></p><p>“From the beginning we’ve been focused on creating a company cut from a different cloth. We’ve been bootstrapped and profitable from day one, and have achieved a lot in four years with a lean, Melbourne-based team. I am incredibly proud to announce this raise alongside our incredible investor partners, and to leverage their expertise to create something truly unique in the tech sector,” said co-founder and CEO Zaccaria.</p><p><br></p><p>The Melbourne-headquartered startup will deploy the fresh capital to expand in international markets, including global team growth, and evolve its product and functionality in new ways to deliver valuable user experiences.</p><p><br></p><p>“Linktree has successfully created this new “microsite” category enabling companies to monetize the next generation of the internet economy via a single interactive hub. The impressive traction and growing number of customers Linktree has gained over the last few months demonstrates its proven market fit, and we could not be more excited to work with the Linktree team as they transition to the ScaleUp phase of growth,” said Jeff Lieberman, Managing Director at Insight Partners.&nbsp;</p><p><br></p>', '<p>लिंकट्री, एक तकनीकी प्लेटफॉर्म जो एक उपयोगकर्ता के अनुयायियों को उसके पूरे ऑनलाइन पारिस्थितिकी तंत्र से जोड़ सकता है, सोमवार को कहा कि इसने इनसाइट पार्टनर्स और एयरट्री वेंचर्स के नेतृत्व में एक फंडिंग राउंड में USD 10.7 मिलियन अमरीकी डॉलर जुटाए हैं।</p><p><br></p><p>2016 में एलेक्स ज़ाकारिया, एंथनी ज़ैकेरिया और निक हम्फ्रीज़ द्वारा स्थापित, लिंक्ट्री उपयोगकर्ताओं को एक माइक्रोसाइट बनाने की अनुमति देता है जो उनके डिजिटल पारिस्थितिकी तंत्र का निर्माण करती है। नि: शुल्क जैव लिंक उपकरण का उपयोग विश्व स्तर पर 8 मिलियन से अधिक उपयोगकर्ताओं द्वारा किया जाता है, जिसमें बड़े ब्रांड, मशहूर हस्तियां और नियमित सामग्री निर्माता शामिल हैं।</p><p><br></p><p>\"उसी तरह से Shopify और Stripe ई-कॉमर्स के लिए इंटरनेट की अर्थव्यवस्था को सरल बनाते हैं और अन्य व्यवसायों को आसानी से राजस्व बनाने में सक्षम करते हैं, Linktree रचनाकारों, कलाकारों, व्यवसायों और सभी के लिए समान है,\" कंपनी ने अपने प्रेस बयान में कहा।</p><p><br></p><p>कंपनी ने एक बयान में कहा, प्लेटफॉर्म हर दिन 28,000 से अधिक साइन अप करता है।</p><p><br></p><p><br></p><p><br></p><p>हाल के फंडिंग राउंड से पहले, लिंक्ट्री को बूटस्ट्रैप किया गया था और इसकी स्थापना के बाद से भी लाभदायक था।</p><p><br></p><p>\"शुरू से ही हम एक अलग कपड़े से एक कंपनी की कटौती बनाने पर ध्यान केंद्रित किया है। हमें पहले ही दिन से बूटस्ट्रैप और लाभदायक बना दिया गया है, और एक दुबली, मेलबोर्न-आधारित टीम के साथ चार वर्षों में बहुत कुछ हासिल किया है। सह-संस्थापक और मुख्य कार्यकारी अधिकारी जकरिया ने कहा, मुझे अपने अविश्वसनीय निवेशक साझेदारों के साथ यह घोषणा करने और तकनीकी क्षेत्र में वास्तव में अद्वितीय बनाने के लिए अपनी विशेषज्ञता का लाभ उठाने पर गर्व है।</p><p><br></p><p>मेलबोर्न मुख्यालय वाला स्टार्टअप वैश्विक टीम के विकास सहित अंतरराष्ट्रीय बाजारों में विस्तार करने के लिए नई पूंजी की तैनाती करेगा, और मूल्यवान उपयोगकर्ता अनुभवों को वितरित करने के लिए अपने उत्पाद और कार्यक्षमता को नए तरीकों से विकसित करेगा।</p><p><br></p><p>\"लिंक्ट्री ने सफलतापूर्वक इस नए\" माइक्रोसाइट \"श्रेणी को बनाया है जो कंपनियों को एक एकल इंटरैक्टिव हब के माध्यम से इंटरनेट अर्थव्यवस्था की अगली पीढ़ी को विमुद्रीकृत करने में सक्षम बनाता है। पिछले कुछ महीनों में ग्राहकों के प्रभावशाली कर्षण और बढ़ती संख्या ने अपने सिद्ध बाजार फिट को प्रदर्शित किया है, और हम लिंकट्री टीम के साथ काम करने के लिए अधिक उत्साहित नहीं हो सकते हैं क्योंकि वे विकास के स्केलअप चरण में संक्रमण करते हैं, \"जेफ लीबरमैन,\" इनसाइट पार्टनर्स में प्रबंध निदेशक।</p><p><br></p><p><br></p><p><br></p><p><br></p>', 'Funded Coffee Table Book Is', 'वित्त पोषित कॉफी टेबल बुक है', NULL, 1, NULL, 1, '01-11-2020', 'November', NULL, NULL);
INSERT INTO `posts` (`id`, `category_id`, `subcategory_id`, `district_id`, `subdistrict_id`, `user_id`, `title_en`, `title_hin`, `image`, `details_en`, `details_hin`, `tags_en`, `tags_hin`, `headline`, `first_section`, `first_section_thumbnail`, `bigthumbnail`, `post_date`, `post_month`, `created_at`, `updated_at`) VALUES
(15, 9, 16, 4, 2, 1, 'Comprehensive Analysis Bundles', 'व्यापक विश्लेषण बंडलों', 'image/postimg/5f9ef417a6707.jpg', '<p>Founded in 2016 by Alex Zaccaria, Anthony Zaccaria, and Nick Humphreys, Linktree allows users to build a microsite that houses their digital ecosystem. The free bio link tool is used by over 8 million users globally, which includes big brands, celebrities and regular content creators.</p><p><br></p><p>“In the same way Shopify and Stripe simplify the internet economy for eCommerce and enable other businesses to make revenue easily, Linktree does the same for creators, artists, businesses, and everyone in-between,” said the company in its press statement.</p><p><br></p><p>The platform records over 28,000 sign ups every day, the company said in a statement.</p><p><br></p><p><br></p><p><br></p><p>Before the recent funding round, Linktree was bootstrapped and even profitable since its inception.</p><p><br></p><p>“From the beginning we’ve been focused on creating a company cut from a different cloth. We’ve been bootstrapped and profitable from day one, and have achieved a lot in four years with a lean, Melbourne-based team. I am incredibly proud to announce this raise alongside our incredible investor partners, and to leverage their expertise to create something truly unique in the tech sector,” said co-founder and CEO Zaccaria.</p><p><br></p><p>The Melbourne-headquartered startup will deploy the fresh capital to expand in international markets, including global team growth, and evolve its product and functionality in new ways to deliver valuable user experiences.</p><p><br></p><p>“Linktree has successfully created this new “microsite” category enabling companies to monetize the next generation of the internet economy via a single interactive hub. The impressive traction and growing number of customers Linktree has gained over the last few months demonstrates its proven market fit, and we could not be more excited to work with the Linktree team as they transition to the ScaleUp phase of growth,” said Jeff Lieberman, Managing Director at Insight Partners.&nbsp;</p><div><br></div>', '<p>लिंकट्री, एक तकनीकी प्लेटफॉर्म जो एक उपयोगकर्ता के अनुयायियों को उसके पूरे ऑनलाइन पारिस्थितिकी तंत्र से जोड़ सकता है, सोमवार को कहा कि इसने इनसाइट पार्टनर्स और एयरट्री वेंचर्स के नेतृत्व में एक फंडिंग राउंड में USD 10.7 मिलियन अमरीकी डॉलर जुटाए हैं।</p><p><br></p><p>2016 में एलेक्स ज़ाकारिया, एंथनी ज़ैकेरिया और निक हम्फ्रीज़ द्वारा स्थापित, लिंक्ट्री उपयोगकर्ताओं को एक माइक्रोसाइट बनाने की अनुमति देता है जो उनके डिजिटल पारिस्थितिकी तंत्र का निर्माण करती है। नि: शुल्क जैव लिंक उपकरण का उपयोग विश्व स्तर पर 8 मिलियन से अधिक उपयोगकर्ताओं द्वारा किया जाता है, जिसमें बड़े ब्रांड, मशहूर हस्तियां और नियमित सामग्री निर्माता शामिल हैं।</p><p><br></p><p>\"उसी तरह से Shopify और Stripe ई-कॉमर्स के लिए इंटरनेट की अर्थव्यवस्था को सरल बनाते हैं और अन्य व्यवसायों को आसानी से राजस्व बनाने में सक्षम करते हैं, Linktree रचनाकारों, कलाकारों, व्यवसायों और सभी के लिए समान है,\" कंपनी ने अपने प्रेस बयान में कहा।</p><p><br></p><p>कंपनी ने एक बयान में कहा, प्लेटफॉर्म हर दिन 28,000 से अधिक साइन अप करता है।</p><p><br></p><p><br></p><p><br></p><p>हाल के फंडिंग राउंड से पहले, लिंक्ट्री को बूटस्ट्रैप किया गया था और इसकी स्थापना के बाद से भी लाभदायक था।</p><p><br></p><p>\"शुरू से ही हम एक अलग कपड़े से एक कंपनी की कटौती बनाने पर ध्यान केंद्रित किया है। हमें पहले ही दिन से बूटस्ट्रैप और लाभदायक बना दिया गया है, और एक दुबली, मेलबोर्न-आधारित टीम के साथ चार वर्षों में बहुत कुछ हासिल किया है। सह-संस्थापक और मुख्य कार्यकारी अधिकारी जकरिया ने कहा, मुझे अपने अविश्वसनीय निवेशक साझेदारों के साथ यह घोषणा करने और तकनीकी क्षेत्र में वास्तव में अद्वितीय बनाने के लिए अपनी विशेषज्ञता का लाभ उठाने पर गर्व है।</p><p><br></p><p>मेलबोर्न मुख्यालय वाला स्टार्टअप वैश्विक टीम के विकास सहित अंतरराष्ट्रीय बाजारों में विस्तार करने के लिए नई पूंजी की तैनाती करेगा, और मूल्यवान उपयोगकर्ता अनुभवों को वितरित करने के लिए अपने उत्पाद और कार्यक्षमता को नए तरीकों से विकसित करेगा।</p><p><br></p><p>\"लिंक्ट्री ने सफलतापूर्वक इस नए\" माइक्रोसाइट \"श्रेणी को बनाया है जो कंपनियों को एक एकल इंटरैक्टिव हब के माध्यम से इंटरनेट अर्थव्यवस्था की अगली पीढ़ी को विमुद्रीकृत करने में सक्षम बनाता है। पिछले कुछ महीनों में ग्राहकों के प्रभावशाली कर्षण और बढ़ती संख्या ने अपने सिद्ध बाजार फिट को प्रदर्शित किया है, और हम लिंकट्री टीम के साथ काम करने के लिए अधिक उत्साहित नहीं हो सकते हैं क्योंकि वे विकास के स्केलअप चरण में संक्रमण करते हैं, \"जेफ लीबरमैन,\" इनसाइट पार्टनर्स में प्रबंध निदेशक।</p><div><br></div>', 'Comprehensive Analysis Bundles', 'व्यापक विश्लेषण बंडलों', NULL, 1, 1, NULL, '01-11-2020', 'November', NULL, NULL),
(16, 9, 16, 4, 2, 1, 'Intuitive Marketing App Helps', 'सहज विपणन ऐप मदद करता है', 'image/postimg/5f9ef49b23f31.jpg', '<p>Linktree, a tech platform that can connects a user’s followers to her entire online ecosystem, said on Monday it has raised USD 10.7 million in Series A funding round led by Insight Partners and AirTree Ventures.</p><p><br></p><p>Founded in 2016 by Alex Zaccaria, Anthony Zaccaria, and Nick Humphreys, Linktree allows users to build a microsite that houses their digital ecosystem. The free bio link tool is used by over 8 million users globally, which includes big brands, celebrities and regular content creators.</p><p><br></p><p>“In the same way Shopify and Stripe simplify the internet economy for eCommerce and enable other businesses to make revenue easily, Linktree does the same for creators, artists, businesses, and everyone in-between,” said the company in its press statement.</p><p><br></p><p>The platform records over 28,000 sign ups every day, the company said in a statement.</p><p><br></p><p><br></p><p><br></p><p>Before the recent funding round, Linktree was bootstrapped and even profitable since its inception.</p><p><br></p><p>“From the beginning we’ve been focused on creating a company cut from a different cloth. We’ve been bootstrapped and profitable from day one, and have achieved a lot in four years with a lean, Melbourne-based team. I am incredibly proud to announce this raise alongside our incredible investor partners, and to leverage their expertise to create something truly unique in the tech sector,” said co-founder and CEO Zaccaria.</p><p><br></p><p>The Melbourne-headquartered startup will deploy the fresh capital to expand in international markets, including global team growth, and evolve its product and functionality in new ways to deliver valuable user experiences.</p><p><br></p><p>“Linktree has successfully created this new “microsite” category enabling companies to monetize the next generation of the internet economy via a single interactive hub. The impressive traction and growing number of customers Linktree has gained over the last few months demonstrates its proven market fit, and we could not be more excited to work with the Linktree team as they transition to the ScaleUp phase of growth,” said Jeff Lieberman, Managing Director at Insight Partners.&nbsp;</p><div><br></div>', '<p>लिंकट्री, एक तकनीकी प्लेटफॉर्म जो एक उपयोगकर्ता के अनुयायियों को उसके पूरे ऑनलाइन पारिस्थितिकी तंत्र से जोड़ सकता है, सोमवार को कहा कि इसने इनसाइट पार्टनर्स और एयरट्री वेंचर्स के नेतृत्व में एक फंडिंग राउंड में USD 10.7 मिलियन अमरीकी डॉलर जुटाए हैं।</p><p><br></p><p>2016 में एलेक्स ज़ाकारिया, एंथनी ज़ैकेरिया और निक हम्फ्रीज़ द्वारा स्थापित, लिंक्ट्री उपयोगकर्ताओं को एक माइक्रोसाइट बनाने की अनुमति देता है जो उनके डिजिटल पारिस्थितिकी तंत्र का निर्माण करती है। नि: शुल्क जैव लिंक उपकरण का उपयोग विश्व स्तर पर 8 मिलियन से अधिक उपयोगकर्ताओं द्वारा किया जाता है, जिसमें बड़े ब्रांड, मशहूर हस्तियां और नियमित सामग्री निर्माता शामिल हैं।</p><p><br></p><p>\"उसी तरह से Shopify और Stripe ई-कॉमर्स के लिए इंटरनेट की अर्थव्यवस्था को सरल बनाते हैं और अन्य व्यवसायों को आसानी से राजस्व बनाने में सक्षम करते हैं, Linktree रचनाकारों, कलाकारों, व्यवसायों और सभी के लिए समान है,\" कंपनी ने अपने प्रेस बयान में कहा।</p><p><br></p><p>कंपनी ने एक बयान में कहा, प्लेटफॉर्म हर दिन 28,000 से अधिक साइन अप करता है।</p><p><br></p><p><br></p><p><br></p><p>हाल के फंडिंग राउंड से पहले, लिंक्ट्री को बूटस्ट्रैप किया गया था और इसकी स्थापना के बाद से भी लाभदायक था।</p><p><br></p><p>\"शुरू से ही हम एक अलग कपड़े से एक कंपनी की कटौती बनाने पर ध्यान केंद्रित किया है। हमें पहले ही दिन से बूटस्ट्रैप और लाभदायक बना दिया गया है, और एक दुबली, मेलबोर्न-आधारित टीम के साथ चार वर्षों में बहुत कुछ हासिल किया है। सह-संस्थापक और मुख्य कार्यकारी अधिकारी जकरिया ने कहा, मुझे अपने अविश्वसनीय निवेशक साझेदारों के साथ यह घोषणा करने और तकनीकी क्षेत्र में वास्तव में अद्वितीय बनाने के लिए अपनी विशेषज्ञता का लाभ उठाने पर गर्व है।</p><p><br></p><p>मेलबोर्न मुख्यालय वाला स्टार्टअप वैश्विक टीम के विकास सहित अंतरराष्ट्रीय बाजारों में विस्तार करने के लिए नई पूंजी की तैनाती करेगा, और मूल्यवान उपयोगकर्ता अनुभवों को वितरित करने के लिए अपने उत्पाद और कार्यक्षमता को नए तरीकों से विकसित करेगा।</p><p><br></p><p>\"लिंक्ट्री ने सफलतापूर्वक इस नए\" माइक्रोसाइट \"श्रेणी को बनाया है जो कंपनियों को एक एकल इंटरैक्टिव हब के माध्यम से इंटरनेट अर्थव्यवस्था की अगली पीढ़ी को विमुद्रीकृत करने में सक्षम बनाता है। पिछले कुछ महीनों में ग्राहकों के प्रभावशाली कर्षण और बढ़ती संख्या ने अपने सिद्ध बाजार फिट को प्रदर्शित किया है, और हम लिंकट्री टीम के साथ काम करने के लिए अधिक उत्साहित नहीं हो सकते हैं क्योंकि वे विकास के स्केलअप चरण में संक्रमण करते हैं, \"जेफ लीबरमैन,\" इनसाइट पार्टनर्स में प्रबंध निदेशक।</p><p><br></p>', 'Intuitive Marketing App Helps', 'सहज विपणन ऐप मदद करता है', NULL, 1, NULL, NULL, '01-11-2020', 'November', NULL, NULL),
(17, 9, 17, 4, 2, 1, 'Keeping Your Startup Dream', 'अपने स्टार्टअप ड्रीम को बनाए रखना', 'image/postimg/5f9ef4e78afbe.jpg', '<p>Linktree, a tech platform that can connects a user’s followers to her entire online ecosystem, said on Monday it has raised USD 10.7 million in Series A funding round led by Insight Partners and AirTree Ventures.</p><p><br></p><p>Founded in 2016 by Alex Zaccaria, Anthony Zaccaria, and Nick Humphreys, Linktree allows users to build a microsite that houses their digital ecosystem. The free bio link tool is used by over 8 million users globally, which includes big brands, celebrities and regular content creators.</p><p><br></p><p>“In the same way Shopify and Stripe simplify the internet economy for eCommerce and enable other businesses to make revenue easily, Linktree does the same for creators, artists, businesses, and everyone in-between,” said the company in its press statement.</p><p><br></p><p>The platform records over 28,000 sign ups every day, the company said in a statement.</p><p><br></p><p><br></p><p><br></p><p>Before the recent funding round, Linktree was bootstrapped and even profitable since its inception.</p><p><br></p><p>“From the beginning we’ve been focused on creating a company cut from a different cloth. We’ve been bootstrapped and profitable from day one, and have achieved a lot in four years with a lean, Melbourne-based team. I am incredibly proud to announce this raise alongside our incredible investor partners, and to leverage their expertise to create something truly unique in the tech sector,” said co-founder and CEO Zaccaria.</p><p><br></p><p>The Melbourne-headquartered startup will deploy the fresh capital to expand in international markets, including global team growth, and evolve its product and functionality in new ways to deliver valuable user experiences.</p><p><br></p><p>“Linktree has successfully created this new “microsite” category enabling companies to monetize the next generation of the internet economy via a single interactive hub. The impressive traction and growing number of customers Linktree has gained over the last few months demonstrates its proven market fit, and we could not be more excited to work with the Linktree team as they transition to the ScaleUp phase of growth,” said Jeff Lieberman, Managing Director at Insight Partners.&nbsp;</p><div><br></div>', '<p>लिंकट्री, एक तकनीकी प्लेटफॉर्म जो एक उपयोगकर्ता के अनुयायियों को उसके पूरे ऑनलाइन पारिस्थितिकी तंत्र से जोड़ सकता है, सोमवार को कहा कि इसने इनसाइट पार्टनर्स और एयरट्री वेंचर्स के नेतृत्व में एक फंडिंग राउंड में USD 10.7 मिलियन अमरीकी डॉलर जुटाए हैं।</p><p><br></p><p>2016 में एलेक्स ज़ाकारिया, एंथनी ज़ैकेरिया और निक हम्फ्रीज़ द्वारा स्थापित, लिंक्ट्री उपयोगकर्ताओं को एक माइक्रोसाइट बनाने की अनुमति देता है जो उनके डिजिटल पारिस्थितिकी तंत्र का निर्माण करती है। नि: शुल्क जैव लिंक उपकरण का उपयोग विश्व स्तर पर 8 मिलियन से अधिक उपयोगकर्ताओं द्वारा किया जाता है, जिसमें बड़े ब्रांड, मशहूर हस्तियां और नियमित सामग्री निर्माता शामिल हैं।</p><p><br></p><p>\"उसी तरह से Shopify और Stripe ई-कॉमर्स के लिए इंटरनेट की अर्थव्यवस्था को सरल बनाते हैं और अन्य व्यवसायों को आसानी से राजस्व बनाने में सक्षम करते हैं, Linktree रचनाकारों, कलाकारों, व्यवसायों और सभी के लिए समान है,\" कंपनी ने अपने प्रेस बयान में कहा।</p><p><br></p><p>कंपनी ने एक बयान में कहा, प्लेटफॉर्म हर दिन 28,000 से अधिक साइन अप करता है।</p><p><br></p><p><br></p><p><br></p><p>हाल के फंडिंग राउंड से पहले, लिंक्ट्री को बूटस्ट्रैप किया गया था और इसकी स्थापना के बाद से भी लाभदायक था।</p><p><br></p><p>\"शुरू से ही हम एक अलग कपड़े से एक कंपनी की कटौती बनाने पर ध्यान केंद्रित किया है। हमें पहले ही दिन से बूटस्ट्रैप और लाभदायक बना दिया गया है, और एक दुबली, मेलबोर्न-आधारित टीम के साथ चार वर्षों में बहुत कुछ हासिल किया है। सह-संस्थापक और मुख्य कार्यकारी अधिकारी जकरिया ने कहा, मुझे अपने अविश्वसनीय निवेशक साझेदारों के साथ यह घोषणा करने और तकनीकी क्षेत्र में वास्तव में अद्वितीय बनाने के लिए अपनी विशेषज्ञता का लाभ उठाने पर गर्व है।</p><p><br></p><p>मेलबोर्न मुख्यालय वाला स्टार्टअप वैश्विक टीम के विकास सहित अंतरराष्ट्रीय बाजारों में विस्तार करने के लिए नई पूंजी की तैनाती करेगा, और मूल्यवान उपयोगकर्ता अनुभवों को वितरित करने के लिए अपने उत्पाद और कार्यक्षमता को नए तरीकों से विकसित करेगा।</p><p><br></p><p>\"लिंक्ट्री ने सफलतापूर्वक इस नए\" माइक्रोसाइट \"श्रेणी को बनाया है जो कंपनियों को एक एकल इंटरैक्टिव हब के माध्यम से इंटरनेट अर्थव्यवस्था की अगली पीढ़ी को विमुद्रीकृत करने में सक्षम बनाता है। पिछले कुछ महीनों में ग्राहकों के प्रभावशाली कर्षण और बढ़ती संख्या ने अपने सिद्ध बाजार फिट को प्रदर्शित किया है, और हम लिंकट्री टीम के साथ काम करने के लिए अधिक उत्साहित नहीं हो सकते हैं क्योंकि वे विकास के स्केलअप चरण में संक्रमण करते हैं, \"जेफ लीबरमैन,\" इनसाइट पार्टनर्स में प्रबंध निदेशक।</p><p><br></p>', 'Keeping Your Startup Dream', 'अपने स्टार्टअप ड्रीम को बनाए रखना', NULL, 1, NULL, NULL, '01-11-2020', 'November', NULL, NULL),
(18, 10, 18, 4, 2, 1, 'Tips for Taking Your Brick', 'अपनी ईंट लेने के लिए युक्तियाँ', 'image/postimg/5f9ef5323a324.jpg', '<p>Linktree, a tech platform that can connects a user’s followers to her entire online ecosystem, said on Monday it has raised USD 10.7 million in Series A funding round led by Insight Partners and AirTree Ventures.</p><p><br></p><p>Founded in 2016 by Alex Zaccaria, Anthony Zaccaria, and Nick Humphreys, Linktree allows users to build a microsite that houses their digital ecosystem. The free bio link tool is used by over 8 million users globally, which includes big brands, celebrities and regular content creators.</p><p><br></p><p>“In the same way Shopify and Stripe simplify the internet economy for eCommerce and enable other businesses to make revenue easily, Linktree does the same for creators, artists, businesses, and everyone in-between,” said the company in its press statement.</p><p><br></p><p>The platform records over 28,000 sign ups every day, the company said in a statement.</p><p><br></p><p><br></p><p><br></p><p>Before the recent funding round, Linktree was bootstrapped and even profitable since its inception.</p><p><br></p><p>“From the beginning we’ve been focused on creating a company cut from a different cloth. We’ve been bootstrapped and profitable from day one, and have achieved a lot in four years with a lean, Melbourne-based team. I am incredibly proud to announce this raise alongside our incredible investor partners, and to leverage their expertise to create something truly unique in the tech sector,” said co-founder and CEO Zaccaria.</p><p><br></p><p>The Melbourne-headquartered startup will deploy the fresh capital to expand in international markets, including global team growth, and evolve its product and functionality in new ways to deliver valuable user experiences.</p><p><br></p><p>“Linktree has successfully created this new “microsite” category enabling companies to monetize the next generation of the internet economy via a single interactive hub. The impressive traction and growing number of customers Linktree has gained over the last few months demonstrates its proven market fit, and we could not be more excited to work with the Linktree team as they transition to the ScaleUp phase of growth,” said Jeff Lieberman, Managing Director at Insight Partners.&nbsp;</p><div><br></div>', '<p>लिंकट्री, एक तकनीकी प्लेटफॉर्म जो एक उपयोगकर्ता के अनुयायियों को उसके पूरे ऑनलाइन पारिस्थितिकी तंत्र से जोड़ सकता है, सोमवार को कहा कि इसने इनसाइट पार्टनर्स और एयरट्री वेंचर्स के नेतृत्व में एक फंडिंग राउंड में USD 10.7 मिलियन अमरीकी डॉलर जुटाए हैं।</p><p><br></p><p>2016 में एलेक्स ज़ाकारिया, एंथनी ज़ैकेरिया और निक हम्फ्रीज़ द्वारा स्थापित, लिंक्ट्री उपयोगकर्ताओं को एक माइक्रोसाइट बनाने की अनुमति देता है जो उनके डिजिटल पारिस्थितिकी तंत्र का निर्माण करती है। नि: शुल्क जैव लिंक उपकरण का उपयोग विश्व स्तर पर 8 मिलियन से अधिक उपयोगकर्ताओं द्वारा किया जाता है, जिसमें बड़े ब्रांड, मशहूर हस्तियां और नियमित सामग्री निर्माता शामिल हैं।</p><p><br></p><p>\"उसी तरह से Shopify और Stripe ई-कॉमर्स के लिए इंटरनेट की अर्थव्यवस्था को सरल बनाते हैं और अन्य व्यवसायों को आसानी से राजस्व बनाने में सक्षम करते हैं, Linktree रचनाकारों, कलाकारों, व्यवसायों और सभी के लिए समान है,\" कंपनी ने अपने प्रेस बयान में कहा।</p><p><br></p><p>कंपनी ने एक बयान में कहा, प्लेटफॉर्म हर दिन 28,000 से अधिक साइन अप करता है।</p><p><br></p><p><br></p><p><br></p><p>हाल के फंडिंग राउंड से पहले, लिंक्ट्री को बूटस्ट्रैप किया गया था और इसकी स्थापना के बाद से भी लाभदायक था।</p><p><br></p><p>\"शुरू से ही हम एक अलग कपड़े से एक कंपनी की कटौती बनाने पर ध्यान केंद्रित किया है। हमें पहले ही दिन से बूटस्ट्रैप और लाभदायक बना दिया गया है, और एक दुबली, मेलबोर्न-आधारित टीम के साथ चार वर्षों में बहुत कुछ हासिल किया है। सह-संस्थापक और मुख्य कार्यकारी अधिकारी जकरिया ने कहा, मुझे अपने अविश्वसनीय निवेशक साझेदारों के साथ यह घोषणा करने और तकनीकी क्षेत्र में वास्तव में अद्वितीय बनाने के लिए अपनी विशेषज्ञता का लाभ उठाने पर गर्व है।</p><p><br></p><p>मेलबोर्न मुख्यालय वाला स्टार्टअप वैश्विक टीम के विकास सहित अंतरराष्ट्रीय बाजारों में विस्तार करने के लिए नई पूंजी की तैनाती करेगा, और मूल्यवान उपयोगकर्ता अनुभवों को वितरित करने के लिए अपने उत्पाद और कार्यक्षमता को नए तरीकों से विकसित करेगा।</p><p><br></p><p>\"लिंक्ट्री ने सफलतापूर्वक इस नए\" माइक्रोसाइट \"श्रेणी को बनाया है जो कंपनियों को एक एकल इंटरैक्टिव हब के माध्यम से इंटरनेट अर्थव्यवस्था की अगली पीढ़ी को विमुद्रीकृत करने में सक्षम बनाता है। पिछले कुछ महीनों में ग्राहकों के प्रभावशाली कर्षण और बढ़ती संख्या ने अपने सिद्ध बाजार फिट को प्रदर्शित किया है, और हम लिंकट्री टीम के साथ काम करने के लिए अधिक उत्साहित नहीं हो सकते हैं क्योंकि वे विकास के स्केलअप चरण में संक्रमण करते हैं, \"जेफ लीबरमैन,\" इनसाइट पार्टनर्स में प्रबंध निदेशक।</p><div><br></div>', 'Tips for Taking Your Brick', 'अपनी ईंट लेने के लिए युक्तियाँ', NULL, 1, 1, 1, '01-11-2020', 'November', NULL, NULL),
(19, 10, 19, 1, 1, 1, 'How to Move Your Business Online', 'अपने व्यवसाय को ऑनलाइन कैसे स्थानांतरित करें', 'image/postimg/5f9ef5850d8c3.jpg', '<p>Linktree, a tech platform that can connects a user’s followers to her entire online ecosystem, said on Monday it has raised USD 10.7 million in Series A funding round led by Insight Partners and AirTree Ventures.</p><p><br></p><p>Founded in 2016 by Alex Zaccaria, Anthony Zaccaria, and Nick Humphreys, Linktree allows users to build a microsite that houses their digital ecosystem. The free bio link tool is used by over 8 million users globally, which includes big brands, celebrities and regular content creators.</p><p><br></p><p>“In the same way Shopify and Stripe simplify the internet economy for eCommerce and enable other businesses to make revenue easily, Linktree does the same for creators, artists, businesses, and everyone in-between,” said the company in its press statement.</p><p><br></p><p>The platform records over 28,000 sign ups every day, the company said in a statement.</p><p><br></p><p><br></p><p><br></p><p>Before the recent funding round, Linktree was bootstrapped and even profitable since its inception.</p><p><br></p><p>“From the beginning we’ve been focused on creating a company cut from a different cloth. We’ve been bootstrapped and profitable from day one, and have achieved a lot in four years with a lean, Melbourne-based team. I am incredibly proud to announce this raise alongside our incredible investor partners, and to leverage their expertise to create something truly unique in the tech sector,” said co-founder and CEO Zaccaria.</p><p><br></p><p>The Melbourne-headquartered startup will deploy the fresh capital to expand in international markets, including global team growth, and evolve its product and functionality in new ways to deliver valuable user experiences.</p><p><br></p><p>“Linktree has successfully created this new “microsite” category enabling companies to monetize the next generation of the internet economy via a single interactive hub. The impressive traction and growing number of customers Linktree has gained over the last few months demonstrates its proven market fit, and we could not be more excited to work with the Linktree team as they transition to the ScaleUp phase of growth,” said Jeff Lieberman, Managing Director at Insight Partners.&nbsp;</p><div><br></div>', '<p>लिंकट्री, एक तकनीकी प्लेटफॉर्म जो एक उपयोगकर्ता के अनुयायियों को उसके पूरे ऑनलाइन पारिस्थितिकी तंत्र से जोड़ सकता है, सोमवार को कहा कि इसने इनसाइट पार्टनर्स और एयरट्री वेंचर्स के नेतृत्व में एक फंडिंग राउंड में USD 10.7 मिलियन अमरीकी डॉलर जुटाए हैं।</p><p><br></p><p>2016 में एलेक्स ज़ाकारिया, एंथनी ज़ैकेरिया और निक हम्फ्रीज़ द्वारा स्थापित, लिंक्ट्री उपयोगकर्ताओं को एक माइक्रोसाइट बनाने की अनुमति देता है जो उनके डिजिटल पारिस्थितिकी तंत्र का निर्माण करती है। नि: शुल्क जैव लिंक उपकरण का उपयोग विश्व स्तर पर 8 मिलियन से अधिक उपयोगकर्ताओं द्वारा किया जाता है, जिसमें बड़े ब्रांड, मशहूर हस्तियां और नियमित सामग्री निर्माता शामिल हैं।</p><p><br></p><p>\"उसी तरह से Shopify और Stripe ई-कॉमर्स के लिए इंटरनेट की अर्थव्यवस्था को सरल बनाते हैं और अन्य व्यवसायों को आसानी से राजस्व बनाने में सक्षम करते हैं, Linktree रचनाकारों, कलाकारों, व्यवसायों और सभी के लिए समान है,\" कंपनी ने अपने प्रेस बयान में कहा।</p><p><br></p><p>कंपनी ने एक बयान में कहा, प्लेटफॉर्म हर दिन 28,000 से अधिक साइन अप करता है।</p><p><br></p><p><br></p><p><br></p><p>हाल के फंडिंग राउंड से पहले, लिंक्ट्री को बूटस्ट्रैप किया गया था और इसकी स्थापना के बाद से भी लाभदायक था।</p><p><br></p><p>\"शुरू से ही हम एक अलग कपड़े से एक कंपनी की कटौती बनाने पर ध्यान केंद्रित किया है। हमें पहले ही दिन से बूटस्ट्रैप और लाभदायक बना दिया गया है, और एक दुबली, मेलबोर्न-आधारित टीम के साथ चार वर्षों में बहुत कुछ हासिल किया है। सह-संस्थापक और मुख्य कार्यकारी अधिकारी जकरिया ने कहा, मुझे अपने अविश्वसनीय निवेशक साझेदारों के साथ यह घोषणा करने और तकनीकी क्षेत्र में वास्तव में अद्वितीय बनाने के लिए अपनी विशेषज्ञता का लाभ उठाने पर गर्व है।</p><p><br></p><p>मेलबोर्न मुख्यालय वाला स्टार्टअप वैश्विक टीम के विकास सहित अंतरराष्ट्रीय बाजारों में विस्तार करने के लिए नई पूंजी की तैनाती करेगा, और मूल्यवान उपयोगकर्ता अनुभवों को वितरित करने के लिए अपने उत्पाद और कार्यक्षमता को नए तरीकों से विकसित करेगा।</p><p><br></p><p>\"लिंक्ट्री ने सफलतापूर्वक इस नए\" माइक्रोसाइट \"श्रेणी को बनाया है जो कंपनियों को एक एकल इंटरैक्टिव हब के माध्यम से इंटरनेट अर्थव्यवस्था की अगली पीढ़ी को विमुद्रीकृत करने में सक्षम बनाता है। पिछले कुछ महीनों में ग्राहकों के प्रभावशाली कर्षण और बढ़ती संख्या ने अपने सिद्ध बाजार फिट को प्रदर्शित किया है, और हम लिंकट्री टीम के साथ काम करने के लिए अधिक उत्साहित नहीं हो सकते हैं क्योंकि वे विकास के स्केलअप चरण में संक्रमण करते हैं, \"जेफ लीबरमैन,\" इनसाइट पार्टनर्स में प्रबंध निदेशक।</p><div><br></div>', 'How to Move Your Business Online', 'अपने व्यवसाय को ऑनलाइन कैसे स्थानांतरित करें', NULL, 1, NULL, 1, '01-11-2020', 'November', NULL, NULL),
(20, 10, 20, 4, 2, 1, 'Kinds of Social Media Marketing', 'सोशल मीडिया मार्केटिंग के प्रकार', 'image/postimg/5f9ef5dd905d4.jpg', '<p>Linktree, a tech platform that can connects a user’s followers to her entire online ecosystem, said on Monday it has raised USD 10.7 million in Series A funding round led by Insight Partners and AirTree Ventures.</p><p><br></p><p>Founded in 2016 by Alex Zaccaria, Anthony Zaccaria, and Nick Humphreys, Linktree allows users to build a microsite that houses their digital ecosystem. The free bio link tool is used by over 8 million users globally, which includes big brands, celebrities and regular content creators.</p><p><br></p><p>“In the same way Shopify and Stripe simplify the internet economy for eCommerce and enable other businesses to make revenue easily, Linktree does the same for creators, artists, businesses, and everyone in-between,” said the company in its press statement.</p><p><br></p><p>The platform records over 28,000 sign ups every day, the company said in a statement.</p><p><br></p><p><br></p><p><br></p><p>Before the recent funding round, Linktree was bootstrapped and even profitable since its inception.</p><p><br></p><p>“From the beginning we’ve been focused on creating a company cut from a different cloth. We’ve been bootstrapped and profitable from day one, and have achieved a lot in four years with a lean, Melbourne-based team. I am incredibly proud to announce this raise alongside our incredible investor partners, and to leverage their expertise to create something truly unique in the tech sector,” said co-founder and CEO Zaccaria.</p><p><br></p><p>The Melbourne-headquartered startup will deploy the fresh capital to expand in international markets, including global team growth, and evolve its product and functionality in new ways to deliver valuable user experiences.</p><p><br></p><p>“Linktree has successfully created this new “microsite” category enabling companies to monetize the next generation of the internet economy via a single interactive hub. The impressive traction and growing number of customers Linktree has gained over the last few months demonstrates its proven market fit, and we could not be more excited to work with the Linktree team as they transition to the ScaleUp phase of growth,” said Jeff Lieberman, Managing Director at Insight Partners.&nbsp;</p><div><br></div>', '<p>लिंकट्री, एक तकनीकी प्लेटफॉर्म जो एक उपयोगकर्ता के अनुयायियों को उसके पूरे ऑनलाइन पारिस्थितिकी तंत्र से जोड़ सकता है, सोमवार को कहा कि इसने इनसाइट पार्टनर्स और एयरट्री वेंचर्स के नेतृत्व में एक फंडिंग राउंड में USD 10.7 मिलियन अमरीकी डॉलर जुटाए हैं।</p><p><br></p><p>2016 में एलेक्स ज़ाकारिया, एंथनी ज़ैकेरिया और निक हम्फ्रीज़ द्वारा स्थापित, लिंक्ट्री उपयोगकर्ताओं को एक माइक्रोसाइट बनाने की अनुमति देता है जो उनके डिजिटल पारिस्थितिकी तंत्र का निर्माण करती है। नि: शुल्क जैव लिंक उपकरण का उपयोग विश्व स्तर पर 8 मिलियन से अधिक उपयोगकर्ताओं द्वारा किया जाता है, जिसमें बड़े ब्रांड, मशहूर हस्तियां और नियमित सामग्री निर्माता शामिल हैं।</p><p><br></p><p>\"उसी तरह से Shopify और Stripe ई-कॉमर्स के लिए इंटरनेट की अर्थव्यवस्था को सरल बनाते हैं और अन्य व्यवसायों को आसानी से राजस्व बनाने में सक्षम करते हैं, Linktree रचनाकारों, कलाकारों, व्यवसायों और सभी के लिए समान है,\" कंपनी ने अपने प्रेस बयान में कहा।</p><p><br></p><p>कंपनी ने एक बयान में कहा, प्लेटफॉर्म हर दिन 28,000 से अधिक साइन अप करता है।</p><p><br></p><p><br></p><p><br></p><p>हाल के फंडिंग राउंड से पहले, लिंक्ट्री को बूटस्ट्रैप किया गया था और इसकी स्थापना के बाद से भी लाभदायक था।</p><p><br></p><p>\"शुरू से ही हम एक अलग कपड़े से एक कंपनी की कटौती बनाने पर ध्यान केंद्रित किया है। हमें पहले ही दिन से बूटस्ट्रैप और लाभदायक बना दिया गया है, और एक दुबली, मेलबोर्न-आधारित टीम के साथ चार वर्षों में बहुत कुछ हासिल किया है। सह-संस्थापक और मुख्य कार्यकारी अधिकारी जकरिया ने कहा, मुझे अपने अविश्वसनीय निवेशक साझेदारों के साथ यह घोषणा करने और तकनीकी क्षेत्र में वास्तव में अद्वितीय बनाने के लिए अपनी विशेषज्ञता का लाभ उठाने पर गर्व है।</p><p><br></p><p>मेलबोर्न मुख्यालय वाला स्टार्टअप वैश्विक टीम के विकास सहित अंतरराष्ट्रीय बाजारों में विस्तार करने के लिए नई पूंजी की तैनाती करेगा, और मूल्यवान उपयोगकर्ता अनुभवों को वितरित करने के लिए अपने उत्पाद और कार्यक्षमता को नए तरीकों से विकसित करेगा।</p><p><br></p><p>\"लिंक्ट्री ने सफलतापूर्वक इस नए\" माइक्रोसाइट \"श्रेणी को बनाया है जो कंपनियों को एक एकल इंटरैक्टिव हब के माध्यम से इंटरनेट अर्थव्यवस्था की अगली पीढ़ी को विमुद्रीकृत करने में सक्षम बनाता है। पिछले कुछ महीनों में ग्राहकों के प्रभावशाली कर्षण और बढ़ती संख्या ने अपने सिद्ध बाजार फिट को प्रदर्शित किया है, और हम लिंकट्री टीम के साथ काम करने के लिए अधिक उत्साहित नहीं हो सकते हैं क्योंकि वे विकास के स्केलअप चरण में संक्रमण करते हैं, \"जेफ लीबरमैन,\" इनसाइट पार्टनर्स में प्रबंध निदेशक।</p><div><br></div>', 'Kinds of Social Media Marketing', 'सोशल मीडिया मार्केटिंग के प्रकार', 1, 1, NULL, NULL, '01-11-2020', 'November', NULL, NULL),
(21, 11, NULL, 4, 2, 1, 'How to Monetize Your Podcast', 'कैसे अपने पॉडकास्ट Monetize करने के लिए', 'image/postimg/5f9ef631c213c.jpg', '<p>Linktree, a tech platform that can connects a user’s followers to her entire online ecosystem, said on Monday it has raised USD 10.7 million in Series A funding round led by Insight Partners and AirTree Ventures.</p><p><br></p><p>Founded in 2016 by Alex Zaccaria, Anthony Zaccaria, and Nick Humphreys, Linktree allows users to build a microsite that houses their digital ecosystem. The free bio link tool is used by over 8 million users globally, which includes big brands, celebrities and regular content creators.</p><p><br></p><p>“In the same way Shopify and Stripe simplify the internet economy for eCommerce and enable other businesses to make revenue easily, Linktree does the same for creators, artists, businesses, and everyone in-between,” said the company in its press statement.</p><p><br></p><p>The platform records over 28,000 sign ups every day, the company said in a statement.</p><p><br></p><p><br></p><p><br></p><p>Before the recent funding round, Linktree was bootstrapped and even profitable since its inception.</p><p><br></p><p>“From the beginning we’ve been focused on creating a company cut from a different cloth. We’ve been bootstrapped and profitable from day one, and have achieved a lot in four years with a lean, Melbourne-based team. I am incredibly proud to announce this raise alongside our incredible investor partners, and to leverage their expertise to create something truly unique in the tech sector,” said co-founder and CEO Zaccaria.</p><p><br></p><p>The Melbourne-headquartered startup will deploy the fresh capital to expand in international markets, including global team growth, and evolve its product and functionality in new ways to deliver valuable user experiences.</p><p><br></p><p>“Linktree has successfully created this new “microsite” category enabling companies to monetize the next generation of the internet economy via a single interactive hub. The impressive traction and growing number of customers Linktree has gained over the last few months demonstrates its proven market fit, and we could not be more excited to work with the Linktree team as they transition to the ScaleUp phase of growth,” said Jeff Lieberman, Managing Director at Insight Partners.&nbsp;</p><div><br></div>', '<p>लिंकट्री, एक तकनीकी प्लेटफॉर्म जो एक उपयोगकर्ता के अनुयायियों को उसके पूरे ऑनलाइन पारिस्थितिकी तंत्र से जोड़ सकता है, सोमवार को कहा कि इसने इनसाइट पार्टनर्स और एयरट्री वेंचर्स के नेतृत्व में एक फंडिंग राउंड में USD 10.7 मिलियन अमरीकी डॉलर जुटाए हैं।</p><p><br></p><p>2016 में एलेक्स ज़ाकारिया, एंथनी ज़ैकेरिया और निक हम्फ्रीज़ द्वारा स्थापित, लिंक्ट्री उपयोगकर्ताओं को एक माइक्रोसाइट बनाने की अनुमति देता है जो उनके डिजिटल पारिस्थितिकी तंत्र का निर्माण करती है। नि: शुल्क जैव लिंक उपकरण का उपयोग विश्व स्तर पर 8 मिलियन से अधिक उपयोगकर्ताओं द्वारा किया जाता है, जिसमें बड़े ब्रांड, मशहूर हस्तियां और नियमित सामग्री निर्माता शामिल हैं।</p><p><br></p><p>\"उसी तरह से Shopify और Stripe ई-कॉमर्स के लिए इंटरनेट की अर्थव्यवस्था को सरल बनाते हैं और अन्य व्यवसायों को आसानी से राजस्व बनाने में सक्षम करते हैं, Linktree रचनाकारों, कलाकारों, व्यवसायों और सभी के लिए समान है,\" कंपनी ने अपने प्रेस बयान में कहा।</p><p><br></p><p>कंपनी ने एक बयान में कहा, प्लेटफॉर्म हर दिन 28,000 से अधिक साइन अप करता है।</p><p><br></p><p><br></p><p><br></p><p>हाल के फंडिंग राउंड से पहले, लिंक्ट्री को बूटस्ट्रैप किया गया था और इसकी स्थापना के बाद से भी लाभदायक था।</p><p><br></p><p>\"शुरू से ही हम एक अलग कपड़े से एक कंपनी की कटौती बनाने पर ध्यान केंद्रित किया है। हमें पहले ही दिन से बूटस्ट्रैप और लाभदायक बना दिया गया है, और एक दुबली, मेलबोर्न-आधारित टीम के साथ चार वर्षों में बहुत कुछ हासिल किया है। सह-संस्थापक और मुख्य कार्यकारी अधिकारी जकरिया ने कहा, मुझे अपने अविश्वसनीय निवेशक साझेदारों के साथ यह घोषणा करने और तकनीकी क्षेत्र में वास्तव में अद्वितीय बनाने के लिए अपनी विशेषज्ञता का लाभ उठाने पर गर्व है।</p><p><br></p><p>मेलबोर्न मुख्यालय वाला स्टार्टअप वैश्विक टीम के विकास सहित अंतरराष्ट्रीय बाजारों में विस्तार करने के लिए नई पूंजी की तैनाती करेगा, और मूल्यवान उपयोगकर्ता अनुभवों को वितरित करने के लिए अपने उत्पाद और कार्यक्षमता को नए तरीकों से विकसित करेगा।</p><p><br></p><p>\"लिंक्ट्री ने सफलतापूर्वक इस नए\" माइक्रोसाइट \"श्रेणी को बनाया है जो कंपनियों को एक एकल इंटरैक्टिव हब के माध्यम से इंटरनेट अर्थव्यवस्था की अगली पीढ़ी को विमुद्रीकृत करने में सक्षम बनाता है। पिछले कुछ महीनों में ग्राहकों के प्रभावशाली कर्षण और बढ़ती संख्या ने अपने सिद्ध बाजार फिट को प्रदर्शित किया है, और हम लिंकट्री टीम के साथ काम करने के लिए अधिक उत्साहित नहीं हो सकते हैं क्योंकि वे विकास के स्केलअप चरण में संक्रमण करते हैं, \"जेफ लीबरमैन,\" इनसाइट पार्टनर्स में प्रबंध निदेशक।</p><div><br></div>', 'How to Monetize Your Podcast', 'कैसे अपने पॉडकास्ट Monetize करने के लिए', NULL, 1, 1, NULL, '01-11-2020', 'November', NULL, NULL),
(22, 11, NULL, 4, 2, 1, 'Pandemic Economy Has Made', 'महामारी अर्थव्यवस्था बनी हैविनिमय सीमा  ', 'image/postimg/5f9ef6b693452.jpg', '<p>Linktree, a tech platform that can connects a user’s followers to her entire online ecosystem, said on Monday it has raised USD 10.7 million in Series A funding round led by Insight Partners and AirTree Ventures.</p><p><br></p><p>Founded in 2016 by Alex Zaccaria, Anthony Zaccaria, and Nick Humphreys, Linktree allows users to build a microsite that houses their digital ecosystem. The free bio link tool is used by over 8 million users globally, which includes big brands, celebrities and regular content creators.</p><p><br></p><p>“In the same way Shopify and Stripe simplify the internet economy for eCommerce and enable other businesses to make revenue easily, Linktree does the same for creators, artists, businesses, and everyone in-between,” said the company in its press statement.</p><p><br></p><p>The platform records over 28,000 sign ups every day, the company said in a statement.</p><p><br></p><p><br></p><p><br></p><p>Before the recent funding round, Linktree was bootstrapped and even profitable since its inception.</p><p><br></p><p>“From the beginning we’ve been focused on creating a company cut from a different cloth. We’ve been bootstrapped and profitable from day one, and have achieved a lot in four years with a lean, Melbourne-based team. I am incredibly proud to announce this raise alongside our incredible investor partners, and to leverage their expertise to create something truly unique in the tech sector,” said co-founder and CEO Zaccaria.</p><p><br></p><p>The Melbourne-headquartered startup will deploy the fresh capital to expand in international markets, including global team growth, and evolve its product and functionality in new ways to deliver valuable user experiences.</p><p><br></p><p>“Linktree has successfully created this new “microsite” category enabling companies to monetize the next generation of the internet economy via a single interactive hub. The impressive traction and growing number of customers Linktree has gained over the last few months demonstrates its proven market fit, and we could not be more excited to work with the Linktree team as they transition to the ScaleUp phase of growth,” said Jeff Lieberman, Managing Director at Insight Partners.&nbsp;</p><p><br></p><p><br></p><p><br></p>', '<p>लिंकट्री, एक तकनीकी प्लेटफॉर्म जो एक उपयोगकर्ता के अनुयायियों को उसके पूरे ऑनलाइन पारिस्थितिकी तंत्र से जोड़ सकता है, सोमवार को कहा कि इसने इनसाइट पार्टनर्स और एयरट्री वेंचर्स के नेतृत्व में एक फंडिंग राउंड में USD 10.7 मिलियन अमरीकी डॉलर जुटाए हैं।</p><p><br></p><p>2016 में एलेक्स ज़ाकारिया, एंथनी ज़ैकेरिया और निक हम्फ्रीज़ द्वारा स्थापित, लिंक्ट्री उपयोगकर्ताओं को एक माइक्रोसाइट बनाने की अनुमति देता है जो उनके डिजिटल पारिस्थितिकी तंत्र का निर्माण करती है। नि: शुल्क जैव लिंक उपकरण का उपयोग विश्व स्तर पर 8 मिलियन से अधिक उपयोगकर्ताओं द्वारा किया जाता है, जिसमें बड़े ब्रांड, मशहूर हस्तियां और नियमित सामग्री निर्माता शामिल हैं।</p><p><br></p><p>\"उसी तरह से Shopify और Stripe ई-कॉमर्स के लिए इंटरनेट की अर्थव्यवस्था को सरल बनाते हैं और अन्य व्यवसायों को आसानी से राजस्व बनाने में सक्षम करते हैं, Linktree रचनाकारों, कलाकारों, व्यवसायों और सभी के लिए समान है,\" कंपनी ने अपने प्रेस बयान में कहा।</p><p><br></p><p>कंपनी ने एक बयान में कहा, प्लेटफॉर्म हर दिन 28,000 से अधिक साइन अप करता है।</p><p><br></p><p><br></p><p><br></p><p>हाल के फंडिंग राउंड से पहले, लिंक्ट्री को बूटस्ट्रैप किया गया था और इसकी स्थापना के बाद से भी लाभदायक था।</p><p><br></p><p>\"शुरू से ही हम एक अलग कपड़े से एक कंपनी की कटौती बनाने पर ध्यान केंद्रित किया है। हमें पहले ही दिन से बूटस्ट्रैप और लाभदायक बना दिया गया है, और एक दुबली, मेलबोर्न-आधारित टीम के साथ चार वर्षों में बहुत कुछ हासिल किया है। सह-संस्थापक और मुख्य कार्यकारी अधिकारी जकरिया ने कहा, मुझे अपने अविश्वसनीय निवेशक साझेदारों के साथ यह घोषणा करने और तकनीकी क्षेत्र में वास्तव में अद्वितीय बनाने के लिए अपनी विशेषज्ञता का लाभ उठाने पर गर्व है।</p><p><br></p><p>मेलबोर्न मुख्यालय वाला स्टार्टअप वैश्विक टीम के विकास सहित अंतरराष्ट्रीय बाजारों में विस्तार करने के लिए नई पूंजी की तैनाती करेगा, और मूल्यवान उपयोगकर्ता अनुभवों को वितरित करने के लिए अपने उत्पाद और कार्यक्षमता को नए तरीकों से विकसित करेगा।</p><p><br></p><p>\"लिंक्ट्री ने सफलतापूर्वक इस नए\" माइक्रोसाइट \"श्रेणी को बनाया है जो कंपनियों को एक एकल इंटरैक्टिव हब के माध्यम से इंटरनेट अर्थव्यवस्था की अगली पीढ़ी को विमुद्रीकृत करने में सक्षम बनाता है। पिछले कुछ महीनों में ग्राहकों के प्रभावशाली कर्षण और बढ़ती संख्या ने अपने सिद्ध बाजार फिट को प्रदर्शित किया है, और हम लिंकट्री टीम के साथ काम करने के लिए अधिक उत्साहित नहीं हो सकते हैं क्योंकि वे विकास के स्केलअप चरण में संक्रमण करते हैं, \"जेफ लीबरमैन,\" इनसाइट पार्टनर्स में प्रबंध निदेशक।</p><div><br></div>', 'Pandemic Economy Has Made', 'महामारी अर्थव्यवस्था बनी है', NULL, 1, 1, NULL, '01-11-2020', 'November', NULL, NULL),
(23, 11, 21, 4, 2, 1, 'The free bio link tool is used', 'मुफ्त बायो लिंक टूल का उपयोग किया जाता है', 'image/postimg/5f9ef79f9021f.png', '<p>Linktree, a tech platform that can connects a user’s followers to her entire online ecosystem, said on Monday it has raised USD 10.7 million in Series A funding round led by Insight Partners and AirTree Ventures.</p><p><br></p><p>Founded in 2016 by Alex Zaccaria, Anthony Zaccaria, and Nick Humphreys, Linktree allows users to build a microsite that houses their digital ecosystem. The free bio link tool is used by over 8 million users globally, which includes big brands, celebrities and regular content creators.</p><p><br></p><p>“In the same way Shopify and Stripe simplify the internet economy for eCommerce and enable other businesses to make revenue easily, Linktree does the same for creators, artists, businesses, and everyone in-between,” said the company in its press statement.</p><p><br></p><p>The platform records over 28,000 sign ups every day, the company said in a statement.</p><p><br></p><p><br></p><p><br></p><p>Before the recent funding round, Linktree was bootstrapped and even profitable since its inception.</p><p><br></p><p>“From the beginning we’ve been focused on creating a company cut from a different cloth. We’ve been bootstrapped and profitable from day one, and have achieved a lot in four years with a lean, Melbourne-based team. I am incredibly proud to announce this raise alongside our incredible investor partners, and to leverage their expertise to create something truly unique in the tech sector,” said co-founder and CEO Zaccaria.</p><p><br></p><p>The Melbourne-headquartered startup will deploy the fresh capital to expand in international markets, including global team growth, and evolve its product and functionality in new ways to deliver valuable user experiences.</p><p><br></p><p>“Linktree has successfully created this new “microsite” category enabling companies to monetize the next generation of the internet economy via a single interactive hub. The impressive traction and growing number of customers Linktree has gained over the last few months demonstrates its proven market fit, and we could not be more excited to work with the Linktree team as they transition to the ScaleUp phase of growth,” said Jeff Lieberman, Managing Director at Insight Partners.&nbsp;</p><p><br></p><p><br></p><p><br></p>', '<p>लिंकट्री, एक तकनीकी प्लेटफॉर्म जो एक उपयोगकर्ता के अनुयायियों को उसके पूरे ऑनलाइन पारिस्थितिकी तंत्र से जोड़ सकता है, सोमवार को कहा कि इसने इनसाइट पार्टनर्स और एयरट्री वेंचर्स के नेतृत्व में एक फंडिंग राउंड में USD 10.7 मिलियन अमरीकी डॉलर जुटाए हैं।</p><p><br></p><p>2016 में एलेक्स ज़ाकारिया, एंथनी ज़ैकेरिया और निक हम्फ्रीज़ द्वारा स्थापित, लिंक्ट्री उपयोगकर्ताओं को एक माइक्रोसाइट बनाने की अनुमति देता है जो उनके डिजिटल पारिस्थितिकी तंत्र का निर्माण करती है। नि: शुल्क जैव लिंक उपकरण का उपयोग विश्व स्तर पर 8 मिलियन से अधिक उपयोगकर्ताओं द्वारा किया जाता है, जिसमें बड़े ब्रांड, मशहूर हस्तियां और नियमित सामग्री निर्माता शामिल हैं।</p><p><br></p><p>\"उसी तरह से Shopify और Stripe ई-कॉमर्स के लिए इंटरनेट की अर्थव्यवस्था को सरल बनाते हैं और अन्य व्यवसायों को आसानी से राजस्व बनाने में सक्षम करते हैं, Linktree रचनाकारों, कलाकारों, व्यवसायों और सभी के लिए समान है,\" कंपनी ने अपने प्रेस बयान में कहा।</p><p><br></p><p>कंपनी ने एक बयान में कहा, प्लेटफॉर्म हर दिन 28,000 से अधिक साइन अप करता है।</p><p><br></p><p><br></p><p><br></p><p>हाल के फंडिंग राउंड से पहले, लिंक्ट्री को बूटस्ट्रैप किया गया था और इसकी स्थापना के बाद से भी लाभदायक था।</p><p><br></p><p>\"शुरू से ही हम एक अलग कपड़े से एक कंपनी की कटौती बनाने पर ध्यान केंद्रित किया है। हमें पहले ही दिन से बूटस्ट्रैप और लाभदायक बना दिया गया है, और एक दुबली, मेलबोर्न-आधारित टीम के साथ चार वर्षों में बहुत कुछ हासिल किया है। सह-संस्थापक और मुख्य कार्यकारी अधिकारी जकरिया ने कहा, मुझे अपने अविश्वसनीय निवेशक साझेदारों के साथ यह घोषणा करने और तकनीकी क्षेत्र में वास्तव में अद्वितीय बनाने के लिए अपनी विशेषज्ञता का लाभ उठाने पर गर्व है।</p><p><br></p><p>मेलबोर्न मुख्यालय वाला स्टार्टअप वैश्विक टीम के विकास सहित अंतरराष्ट्रीय बाजारों में विस्तार करने के लिए नई पूंजी की तैनाती करेगा, और मूल्यवान उपयोगकर्ता अनुभवों को वितरित करने के लिए अपने उत्पाद और कार्यक्षमता को नए तरीकों से विकसित करेगा।</p><p><br></p><p>\"लिंक्ट्री ने सफलतापूर्वक इस नए\" माइक्रोसाइट \"श्रेणी को बनाया है जो कंपनियों को एक एकल इंटरैक्टिव हब के माध्यम से इंटरनेट अर्थव्यवस्था की अगली पीढ़ी को विमुद्रीकृत करने में सक्षम बनाता है। पिछले कुछ महीनों में ग्राहकों के प्रभावशाली कर्षण और बढ़ती संख्या ने अपने सिद्ध बाजार फिट को प्रदर्शित किया है, और हम लिंकट्री टीम के साथ काम करने के लिए अधिक उत्साहित नहीं हो सकते हैं क्योंकि वे विकास के स्केलअप चरण में संक्रमण करते हैं, \"जेफ लीबरमैन,\" इनसाइट पार्टनर्स में प्रबंध निदेशक।</p><p><br></p>', 'The free bio link tool is used', 'मुफ्त बायो लिंक टूल का उपयोग किया जाता है', NULL, 1, 1, NULL, '01-11-2020', 'November', NULL, NULL),
(24, 11, 21, 4, 2, 1, 'Exchange Without Limitations', 'विनिमय सीमा के बिनाविनिमय सीमा', 'image/postimg/5f9ef7e4b58e3.jpg', '<p>Linktree, a tech platform that can connects a user’s followers to her entire online ecosystem, said on Monday it has raised USD 10.7 million in Series A funding round led by Insight Partners and AirTree Ventures.</p><p><br></p><p>Founded in 2016 by Alex Zaccaria, Anthony Zaccaria, and Nick Humphreys, Linktree allows users to build a microsite that houses their digital ecosystem. The free bio link tool is used by over 8 million users globally, which includes big brands, celebrities and regular content creators.</p><p><br></p><p>“In the same way Shopify and Stripe simplify the internet economy for eCommerce and enable other businesses to make revenue easily, Linktree does the same for creators, artists, businesses, and everyone in-between,” said the company in its press statement.</p><p><br></p><p>The platform records over 28,000 sign ups every day, the company said in a statement.</p><p><br></p><p><br></p><p><br></p><p>Before the recent funding round, Linktree was bootstrapped and even profitable since its inception.</p><p><br></p><p>“From the beginning we’ve been focused on creating a company cut from a different cloth. We’ve been bootstrapped and profitable from day one, and have achieved a lot in four years with a lean, Melbourne-based team. I am incredibly proud to announce this raise alongside our incredible investor partners, and to leverage their expertise to create something truly unique in the tech sector,” said co-founder and CEO Zaccaria.</p><p><br></p><p>The Melbourne-headquartered startup will deploy the fresh capital to expand in international markets, including global team growth, and evolve its product and functionality in new ways to deliver valuable user experiences.</p><p><br></p><p>“Linktree has successfully created this new “microsite” category enabling companies to monetize the next generation of the internet economy via a single interactive hub. The impressive traction and growing number of customers Linktree has gained over the last few months demonstrates its proven market fit, and we could not be more excited to work with the Linktree team as they transition to the ScaleUp phase of growth,” said Jeff Lieberman, Managing Director at Insight Partners.&nbsp;</p><div><br></div>', '<p>लिंकट्री, एक तकनीकी प्लेटफॉर्म जो एक उपयोगकर्ता के अनुयायियों को उसके पूरे ऑनलाइन पारिस्थितिकी तंत्र से जोड़ सकता है, सोमवार को कहा कि इसने इनसाइट पार्टनर्स और एयरट्री वेंचर्स के नेतृत्व में एक फंडिंग राउंड में USD 10.7 मिलियन अमरीकी डॉलर जुटाए हैं।</p><p><br></p><p>2016 में एलेक्स ज़ाकारिया, एंथनी ज़ैकेरिया और निक हम्फ्रीज़ द्वारा स्थापित, लिंक्ट्री उपयोगकर्ताओं को एक माइक्रोसाइट बनाने की अनुमति देता है जो उनके डिजिटल पारिस्थितिकी तंत्र का निर्माण करती है। नि: शुल्क जैव लिंक उपकरण का उपयोग विश्व स्तर पर 8 मिलियन से अधिक उपयोगकर्ताओं द्वारा किया जाता है, जिसमें बड़े ब्रांड, मशहूर हस्तियां और नियमित सामग्री निर्माता शामिल हैं।</p><p><br></p><p>\"उसी तरह से Shopify और Stripe ई-कॉमर्स के लिए इंटरनेट की अर्थव्यवस्था को सरल बनाते हैं और अन्य व्यवसायों को आसानी से राजस्व बनाने में सक्षम करते हैं, Linktree रचनाकारों, कलाकारों, व्यवसायों और सभी के लिए समान है,\" कंपनी ने अपने प्रेस बयान में कहा।</p><p><br></p><p>कंपनी ने एक बयान में कहा, प्लेटफॉर्म हर दिन 28,000 से अधिक साइन अप करता है।</p><p><br></p><p><br></p><p><br></p><p>हाल के फंडिंग राउंड से पहले, लिंक्ट्री को बूटस्ट्रैप किया गया था और इसकी स्थापना के बाद से भी लाभदायक था।</p><p><br></p><p>\"शुरू से ही हम एक अलग कपड़े से एक कंपनी की कटौती बनाने पर ध्यान केंद्रित किया है। हमें पहले ही दिन से बूटस्ट्रैप और लाभदायक बना दिया गया है, और एक दुबली, मेलबोर्न-आधारित टीम के साथ चार वर्षों में बहुत कुछ हासिल किया है। सह-संस्थापक और मुख्य कार्यकारी अधिकारी जकरिया ने कहा, मुझे अपने अविश्वसनीय निवेशक साझेदारों के साथ यह घोषणा करने और तकनीकी क्षेत्र में वास्तव में अद्वितीय बनाने के लिए अपनी विशेषज्ञता का लाभ उठाने पर गर्व है।</p><p><br></p><p>मेलबोर्न मुख्यालय वाला स्टार्टअप वैश्विक टीम के विकास सहित अंतरराष्ट्रीय बाजारों में विस्तार करने के लिए नई पूंजी की तैनाती करेगा, और मूल्यवान उपयोगकर्ता अनुभवों को वितरित करने के लिए अपने उत्पाद और कार्यक्षमता को नए तरीकों से विकसित करेगा।</p><p><br></p><p>\"लिंक्ट्री ने सफलतापूर्वक इस नए\" माइक्रोसाइट \"श्रेणी को बनाया है जो कंपनियों को एक एकल इंटरैक्टिव हब के माध्यम से इंटरनेट अर्थव्यवस्था की अगली पीढ़ी को विमुद्रीकृत करने में सक्षम बनाता है। पिछले कुछ महीनों में ग्राहकों के प्रभावशाली कर्षण और बढ़ती संख्या ने अपने सिद्ध बाजार फिट को प्रदर्शित किया है, और हम लिंकट्री टीम के साथ काम करने के लिए अधिक उत्साहित नहीं हो सकते हैं क्योंकि वे विकास के स्केलअप चरण में संक्रमण करते हैं, \"जेफ लीबरमैन,\" इनसाइट पार्टनर्स में प्रबंध निदेशक।</p><p><br></p>', 'Exchange Without Limitations', 'विनिमय सीमा के बिना', NULL, 1, NULL, NULL, '01-11-2020', 'November', NULL, NULL);
INSERT INTO `posts` (`id`, `category_id`, `subcategory_id`, `district_id`, `subdistrict_id`, `user_id`, `title_en`, `title_hin`, `image`, `details_en`, `details_hin`, `tags_en`, `tags_hin`, `headline`, `first_section`, `first_section_thumbnail`, `bigthumbnail`, `post_date`, `post_month`, `created_at`, `updated_at`) VALUES
(25, 9, 16, 4, 2, 1, 'Test Update Exchange Without Limitations', 'Update  Test विनिमय सीमा के बिना', 'image/postimg/5f9f04a308857.png', '<p>asdasLinktree, a tech platform that can connects a user’s followers to her entire online ecosystem, said on Monday it has raised USD 10.7 million in Series A funding round led by Insight Partners and AirTree Ventures.</p><p><br></p><p>Founded in 2016 by Alex Zaccaria, Anthony Zaccaria, and Nick Humphreys, Linktree allows users to build a microsite that houses their digital ecosystem. The free bio link tool is used by over 8 million users globally, which includes big brands, celebrities and regular content creators.</p><p><br></p><p>“In the same way Shopify and Stripe simplify the internet economy for eCommerce and enable other businesses to make revenue easily, Linktree does the same for creators, artists, businesses, and everyone in-between,” said the company in its press statement.</p><p><br></p><p>The platform records over 28,000 sign ups every day, the company said in a statement.</p><p><br></p><p><br></p><p><br></p><p>Before the recent funding round, Linktree was bootstrapped and even profitable since its inception.</p><p><br></p><p>“From the beginning we’ve been focused on creating a company cut from a different cloth. We’ve been bootstrapped and profitable from day one, and have achieved a lot in four years with a lean, Melbourne-based team. I am incredibly proud to announce this raise alongside our incredible investor partners, and to leverage their expertise to create something truly unique in the tech sector,” said co-founder and CEO Zaccaria.</p><p><br></p><p>The Melbourne-headquartered startup will deploy the fresh capital to expand in international markets, including global team growth, and evolve its product and functionality in new ways to deliver valuable user experiences.</p><p><br></p><p>“Linktree has successfully created this new “microsite” category enabling companies to monetize the next generation of the internet economy via a single interactive hub. The impressive traction and growing number of customers Linktree has gained over the last few months demonstrates its proven market fit, and we could not be more excited to work with the Linktree team as they transition to the ScaleUp phase of growth,” said Jeff Lieberman, Managing Director at Insight Partners.&nbsp;</p><div><br></div>', '<p>asdsaलिंकट्री, एक तकनीकी प्लेटफॉर्म जो एक उपयोगकर्ता के अनुयायियों को उसके पूरे ऑनलाइन पारिस्थितिकी तंत्र से जोड़ सकता है, सोमवार को कहा कि इसने इनसाइट पार्टनर्स और एयरट्री वेंचर्स के नेतृत्व में एक फंडिंग राउंड में USD 10.7 मिलियन अमरीकी डॉलर जुटाए हैं।</p><p><br></p><p>2016 में एलेक्स ज़ाकारिया, एंथनी ज़ैकेरिया और निक हम्फ्रीज़ द्वारा स्थापित, लिंक्ट्री उपयोगकर्ताओं को एक माइक्रोसाइट बनाने की अनुमति देता है जो उनके डिजिटल पारिस्थितिकी तंत्र का निर्माण करती है। नि: शुल्क जैव लिंक उपकरण का उपयोग विश्व स्तर पर 8 मिलियन से अधिक उपयोगकर्ताओं द्वारा किया जाता है, जिसमें बड़े ब्रांड, मशहूर हस्तियां और नियमित सामग्री निर्माता शामिल हैं।</p><p><br></p><p>\"उसी तरह से Shopify और Stripe ई-कॉमर्स के लिए इंटरनेट की अर्थव्यवस्था को सरल बनाते हैं और अन्य व्यवसायों को आसानी से राजस्व बनाने में सक्षम करते हैं, Linktree रचनाकारों, कलाकारों, व्यवसायों और सभी के लिए समान है,\" कंपनी ने अपने प्रेस बयान में कहा।</p><p><br></p><p>कंपनी ने एक बयान में कहा, प्लेटफॉर्म हर दिन 28,000 से अधिक साइन अप करता है।</p><p><br></p><p><br></p><p><br></p><p>हाल के फंडिंग राउंड से पहले, लिंक्ट्री को बूटस्ट्रैप किया गया था और इसकी स्थापना के बाद से भी लाभदायक था।</p><p><br></p><p>\"शुरू से ही हम एक अलग कपड़े से एक कंपनी की कटौती बनाने पर ध्यान केंद्रित किया है। हमें पहले ही दिन से बूटस्ट्रैप और लाभदायक बना दिया गया है, और एक दुबली, मेलबोर्न-आधारित टीम के साथ चार वर्षों में बहुत कुछ हासिल किया है। सह-संस्थापक और मुख्य कार्यकारी अधिकारी जकरिया ने कहा, मुझे अपने अविश्वसनीय निवेशक साझेदारों के साथ यह घोषणा करने और तकनीकी क्षेत्र में वास्तव में अद्वितीय बनाने के लिए अपनी विशेषज्ञता का लाभ उठाने पर गर्व है।</p><p><br></p><p>मेलबोर्न मुख्यालय वाला स्टार्टअप वैश्विक टीम के विकास सहित अंतरराष्ट्रीय बाजारों में विस्तार करने के लिए नई पूंजी की तैनाती करेगा, और मूल्यवान उपयोगकर्ता अनुभवों को वितरित करने के लिए अपने उत्पाद और कार्यक्षमता को नए तरीकों से विकसित करेगा।</p><p><br></p><p>\"लिंक्ट्री ने सफलतापूर्वक इस नए\" माइक्रोसाइट \"श्रेणी को बनाया है जो कंपनियों को एक एकल इंटरैक्टिव हब के माध्यम से इंटरनेट अर्थव्यवस्था की अगली पीढ़ी को विमुद्रीकृत करने में सक्षम बनाता है। पिछले कुछ महीनों में ग्राहकों के प्रभावशाली कर्षण और बढ़ती संख्या ने अपने सिद्ध बाजार फिट को प्रदर्शित किया है, और हम लिंकट्री टीम के साथ काम करने के लिए अधिक उत्साहित नहीं हो सकते हैं क्योंकि वे विकास के स्केलअप चरण में संक्रमण करते हैं, \"जेफ लीबरमैन,\" इनसाइट पार्टनर्स में प्रबंध निदेशक।</p><p><br></p>', 'Test Exchange Without Limitations', 'सहज विपणन ऐप मदद करता है', NULL, 1, NULL, NULL, '01-11-2020', 'November', NULL, NULL),
(26, 7, 7, 4, 2, 1, 'Business The free bio link tool is used', 'Business मुफ्त बायो लिंक टूल का उपयोग किया जाता है', 'image/postimg/5f9f14727de8e.png', '<p>Linktree, a tech platform that can connects a user’s followers to her entire online ecosystem, said on Monday it has raised USD 10.7 million in Series A funding round led by Insight Partners and AirTree Ventures.</p><p><br></p><p>Founded in 2016 by Alex Zaccaria, Anthony Zaccaria, and Nick Humphreys, Linktree allows users to build a microsite that houses their digital ecosystem. The free bio link tool is used by over 8 million users globally, which includes big brands, celebrities and regular content creators.</p><p><br></p><p>“In the same way Shopify and Stripe simplify the internet economy for eCommerce and enable other businesses to make revenue easily, Linktree does the same for creators, artists, businesses, and everyone in-between,” said the company in its press statement.</p><p><br></p><p>The platform records over 28,000 sign ups every day, the company said in a statement.</p><p><br></p><p><br></p><p><br></p><p>Before the recent funding round, Linktree was bootstrapped and even profitable since its inception.</p><p><br></p><p>“From the beginning we’ve been focused on creating a company cut from a different cloth. We’ve been bootstrapped and profitable from day one, and have achieved a lot in four years with a lean, Melbourne-based team. I am incredibly proud to announce this raise alongside our incredible investor partners, and to leverage their expertise to create something truly unique in the tech sector,” said co-founder and CEO Zaccaria.</p><p><br></p><p>The Melbourne-headquartered startup will deploy the fresh capital to expand in international markets, including global team growth, and evolve its product and functionality in new ways to deliver valuable user experiences.</p><p><br></p><p>“Linktree has successfully created this new “microsite” category enabling companies to monetize the next generation of the internet economy via a single interactive hub. The impressive traction and growing number of customers Linktree has gained over the last few months demonstrates its proven market fit, and we could not be more excited to work with the Linktree team as they transition to the ScaleUp phase of growth,” said Jeff Lieberman, Managing Director at Insight Partners.&nbsp;</p><p><br></p><p><br></p><p><br></p>', '<p>लिंकट्री, एक तकनीकी प्लेटफॉर्म जो एक उपयोगकर्ता के अनुयायियों को उसके पूरे ऑनलाइन पारिस्थितिकी तंत्र से जोड़ सकता है, सोमवार को कहा कि इसने इनसाइट पार्टनर्स और एयरट्री वेंचर्स के नेतृत्व में एक फंडिंग राउंड में USD 10.7 मिलियन अमरीकी डॉलर जुटाए हैं।</p><p><br></p><p>2016 में एलेक्स ज़ाकारिया, एंथनी ज़ैकेरिया और निक हम्फ्रीज़ द्वारा स्थापित, लिंक्ट्री उपयोगकर्ताओं को एक माइक्रोसाइट बनाने की अनुमति देता है जो उनके डिजिटल पारिस्थितिकी तंत्र का निर्माण करती है। नि: शुल्क जैव लिंक उपकरण का उपयोग विश्व स्तर पर 8 मिलियन से अधिक उपयोगकर्ताओं द्वारा किया जाता है, जिसमें बड़े ब्रांड, मशहूर हस्तियां और नियमित सामग्री निर्माता शामिल हैं।</p><p><br></p><p>\"उसी तरह से Shopify और Stripe ई-कॉमर्स के लिए इंटरनेट की अर्थव्यवस्था को सरल बनाते हैं और अन्य व्यवसायों को आसानी से राजस्व बनाने में सक्षम करते हैं, Linktree रचनाकारों, कलाकारों, व्यवसायों और सभी के लिए समान है,\" कंपनी ने अपने प्रेस बयान में कहा।</p><p><br></p><p>कंपनी ने एक बयान में कहा, प्लेटफॉर्म हर दिन 28,000 से अधिक साइन अप करता है।</p><p><br></p><p><br></p><p><br></p><p>हाल के फंडिंग राउंड से पहले, लिंक्ट्री को बूटस्ट्रैप किया गया था और इसकी स्थापना के बाद से भी लाभदायक था।</p><p><br></p><p>\"शुरू से ही हम एक अलग कपड़े से एक कंपनी की कटौती बनाने पर ध्यान केंद्रित किया है। हमें पहले ही दिन से बूटस्ट्रैप और लाभदायक बना दिया गया है, और एक दुबली, मेलबोर्न-आधारित टीम के साथ चार वर्षों में बहुत कुछ हासिल किया है। सह-संस्थापक और मुख्य कार्यकारी अधिकारी जकरिया ने कहा, मुझे अपने अविश्वसनीय निवेशक साझेदारों के साथ यह घोषणा करने और तकनीकी क्षेत्र में वास्तव में अद्वितीय बनाने के लिए अपनी विशेषज्ञता का लाभ उठाने पर गर्व है।</p><p><br></p><p>मेलबोर्न मुख्यालय वाला स्टार्टअप वैश्विक टीम के विकास सहित अंतरराष्ट्रीय बाजारों में विस्तार करने के लिए नई पूंजी की तैनाती करेगा, और मूल्यवान उपयोगकर्ता अनुभवों को वितरित करने के लिए अपने उत्पाद और कार्यक्षमता को नए तरीकों से विकसित करेगा।</p><p><br></p><p>\"लिंक्ट्री ने सफलतापूर्वक इस नए\" माइक्रोसाइट \"श्रेणी को बनाया है जो कंपनियों को एक एकल इंटरैक्टिव हब के माध्यम से इंटरनेट अर्थव्यवस्था की अगली पीढ़ी को विमुद्रीकृत करने में सक्षम बनाता है। पिछले कुछ महीनों में ग्राहकों के प्रभावशाली कर्षण और बढ़ती संख्या ने अपने सिद्ध बाजार फिट को प्रदर्शित किया है, और हम लिंकट्री टीम के साथ काम करने के लिए अधिक उत्साहित नहीं हो सकते हैं क्योंकि वे विकास के स्केलअप चरण में संक्रमण करते हैं, \"जेफ लीबरमैन,\" इनसाइट पार्टनर्स में प्रबंध निदेशक।</p><p><br></p>', 'Business The', 'कुलीन', NULL, NULL, NULL, NULL, '01-11-2020', 'November', NULL, NULL),
(27, 7, 7, 4, 2, 1, '14 die, 1531 infected, 1462 recover in 24 hours', '14 मर जाते हैं, 1531 संक्रमित, 24 घंटे में 1462 ठीक हो जाते हैं', 'image/postimg/5fb01d0d5b8ca.jpg', '<p>The death toll from coronavirus has reached 6,173 as 14 more people died from the disease in the last 24 hours.&nbsp;</p><p><br></p><p>Besides, 1,531 more tested positive for the virus, raising the number of such cases to 430,496.&nbsp;</p><p><br></p><p>Directorate General of Health Services said in a press release on Saturday.&nbsp;</p><p><br></p><p>In the last 24 hours, 11,795 samples were examined and out of them 1,531 got positive results for the virus. Apart from, 1,462 more recovered from the virus, taking the total recoveries to 347,849, the press release added.&nbsp;</p><p><br></p><p>Bangladesh reported its first three cases of COVID-19 on March 8.&nbsp;</p><p><br></p><p>The new coronavirus pandemic first emerged in the Chinese city of Wuhan in December last year. The World Health Organisation declared the coronavirus crisis a pandemic on March 11.</p><p><br></p><p>The deadly virus spread to 213 countries and territories, killing some 1,310,978 people globally, according to Worldometer, a website which compiles number of new coronavirus cases and deaths from it.</p><p><br></p><p>As many as 53,833,627 people worldwide caught the virus. Among them, 37,580,303 people recovered from the virus, the website said.</p>', '<p>कोरोनावायरस से मरने वालों की संख्या 6,173 तक पहुंच गई है क्योंकि पिछले 24 घंटों में बीमारी से 14 और लोगों की मौत हो गई।</p><p><br></p><p>इसके अलावा, वायरस के लिए 1,531 अधिक परीक्षण सकारात्मक थे, ऐसे मामलों की संख्या बढ़कर 430,496 हो गई।</p><p><br></p><p>स्वास्थ्य सेवा महानिदेशालय ने शनिवार को एक प्रेस विज्ञप्ति में कहा।</p><p><br></p><p>पिछले 24 घंटों में, 11,795 नमूनों की जांच की गई और उनमें से 1,531 वायरस के सकारात्मक परिणाम मिले। इसके अलावा, वायरस से 1,462 अधिक बरामद हुए, कुल वसूली 347,849 तक पहुंच गई, प्रेस विज्ञप्ति में जोड़ा गया।</p><p><br></p><p>बांग्लादेश ने 8 मार्च को COVID-19 के अपने पहले तीन मामलों की सूचना दी।</p><p><br></p><p>नया कोरोनावायरस महामारी पिछले साल दिसंबर में पहली बार चीनी शहर वुहान में उभरा था। विश्व स्वास्थ्य संगठन ने 11 मार्च को कोरोनोवायरस संकट को महामारी घोषित किया।</p><p><br></p><p>दुनिया भर में लगभग 1,310,978 लोगों की जान लेने से घातक वायरस 213 देशों और क्षेत्रों में फैल गया, Worldometer के अनुसार, एक वेबसाइट जो नए कोरोनवायरस मामलों की संख्या और उससे होने वाली मौतों को संकलित करती है।</p><p><br></p><p>दुनिया भर में 53,833,627 लोगों ने वायरस को पकड़ा। उनमें से, 37,580,303 लोग वायरस से बरामद हुए, वेबसाइट ने कहा।</p>', 'source', 'बॉक्सिंग144', NULL, NULL, 1, NULL, '14-11-2020', 'November', NULL, NULL);

-- --------------------------------------------------------

--
-- Table structure for table `prayers`
--

CREATE TABLE IF NOT EXISTS `prayers` (
  `id` bigint(20) UNSIGNED NOT NULL AUTO_INCREMENT,
  `fajr` varchar(255) COLLATE utf8mb4_unicode_ci DEFAULT NULL,
  `johor` varchar(255) COLLATE utf8mb4_unicode_ci DEFAULT NULL,
  `asor` varchar(255) COLLATE utf8mb4_unicode_ci DEFAULT NULL,
  `magrib` varchar(255) COLLATE utf8mb4_unicode_ci DEFAULT NULL,
  `eaha` varchar(255) COLLATE utf8mb4_unicode_ci DEFAULT NULL,
  `jummah` varchar(255) COLLATE utf8mb4_unicode_ci DEFAULT NULL,
  `created_at` timestamp NULL DEFAULT NULL,
  `updated_at` timestamp NULL DEFAULT NULL,
  PRIMARY KEY (`id`)
) ENGINE=InnoDB AUTO_INCREMENT=2 DEFAULT CHARSET=utf8mb4 COLLATE=utf8mb4_unicode_ci;

--
-- Dumping data for table `prayers`
--

INSERT INTO `prayers` (`id`, `fajr`, `johor`, `asor`, `magrib`, `eaha`, `jummah`, `created_at`, `updated_at`) VALUES
(1, '5:10 AM', '1.30 PM', '4:30 PM', '6:10 PM', '8:10 PM', '1:10 PM', NULL, NULL);

-- --------------------------------------------------------

--
-- Table structure for table `seos`
--

CREATE TABLE IF NOT EXISTS `seos` (
  `id` bigint(20) UNSIGNED NOT NULL AUTO_INCREMENT,
  `meta_author` varchar(255) COLLATE utf8mb4_unicode_ci DEFAULT NULL,
  `meta_title` varchar(255) COLLATE utf8mb4_unicode_ci DEFAULT NULL,
  `meta_keyword` varchar(255) COLLATE utf8mb4_unicode_ci DEFAULT NULL,
  `meta_description` text COLLATE utf8mb4_unicode_ci DEFAULT NULL,
  `google_analytics` text COLLATE utf8mb4_unicode_ci DEFAULT NULL,
  `google_verification` varchar(255) COLLATE utf8mb4_unicode_ci DEFAULT NULL,
  `alexa_analytics` text COLLATE utf8mb4_unicode_ci DEFAULT NULL,
  `created_at` timestamp NULL DEFAULT NULL,
  `updated_at` timestamp NULL DEFAULT NULL,
  PRIMARY KEY (`id`)
) ENGINE=InnoDB AUTO_INCREMENT=2 DEFAULT CHARSET=utf8mb4 COLLATE=utf8mb4_unicode_ci;

--
-- Dumping data for table `seos`
--

INSERT INTO `seos` (`id`, `meta_author`, `meta_title`, `meta_keyword`, `meta_description`, `google_analytics`, `google_verification`, `alexa_analytics`, `created_at`, `updated_at`) VALUES
(1, 'Easy Online News Portal', 'Easy Online New Portal', 'Easy Online New Portal ,online news', '<p>fasdfasdfasdfas fasd fjasgd fas dgfjkags dfjgas jkfagsjfjdgfjkasg dfjasgdjf asjdfasdgfuyagkfuakfsd f</p><p>f asdf asdf fasdjfasdasjkdfjas</p>', 'Google Analytics', 'Google Verificationfdsafasd323432432', 'Alexa Analytics', NULL, NULL);

-- --------------------------------------------------------

--
-- Table structure for table `sessions`
--

CREATE TABLE IF NOT EXISTS `sessions` (
  `id` varchar(255) COLLATE utf8mb4_unicode_ci NOT NULL,
  `user_id` bigint(20) UNSIGNED DEFAULT NULL,
  `ip_address` varchar(45) COLLATE utf8mb4_unicode_ci DEFAULT NULL,
  `user_agent` text COLLATE utf8mb4_unicode_ci DEFAULT NULL,
  `payload` text COLLATE utf8mb4_unicode_ci NOT NULL,
  `last_activity` int(11) NOT NULL,
  PRIMARY KEY (`id`),
  KEY `sessions_user_id_index` (`user_id`),
  KEY `sessions_last_activity_index` (`last_activity`)
) ENGINE=InnoDB DEFAULT CHARSET=utf8mb4 COLLATE=utf8mb4_unicode_ci;

--
-- Dumping data for table `sessions`
--

INSERT INTO `sessions` (`id`, `user_id`, `ip_address`, `user_agent`, `payload`, `last_activity`) VALUES
('aTRxBy31m2Xf0TxeQ5isfp2oe8B8WKNrUnqUye5m', NULL, '127.0.0.1', 'Mozilla/5.0 (Windows NT 10.0; Win64; x64) AppleWebKit/537.36 (KHTML, like Gecko) Chrome/86.0.4240.198 Safari/537.36', 'YTo2OntzOjY6Il90b2tlbiI7czo0MDoiN0ZEWVFORlNHc093bDdvZDJVY2dwWllmdkRBU2ZrbjZ4Y0plVDUzaiI7czo5OiJfcHJldmlvdXMiO2E6MTp7czozOiJ1cmwiO3M6Mjc6Imh0dHA6Ly8xMjcuMC4wLjE6ODAwMC9sb2dpbiI7fXM6NjoiX2ZsYXNoIjthOjI6e3M6Mzoib2xkIjthOjA6e31zOjM6Im5ldyI7YTowOnt9fXM6MTc6InBhc3N3b3JkX2hhc2hfd2ViIjtzOjYwOiIkMnkkMTAkZ3o0TTF4YS5BUVBKVzVxRnhnM09uZXlkLmszWVYySmJBTzYySUZMNy9oRnBoMy9ZWWxWeFMiO3M6MjE6InBhc3N3b3JkX2hhc2hfc2FuY3R1bSI7czo2MDoiJDJ5JDEwJGd6NE0xeGEuQVFQSlc1cUZ4ZzNPbmV5ZC5rM1lWMkpiQU82MklGTDcvaEZwaDMvWVlsVnhTIjtzOjQ6ImxhbmciO3M6NzoiZW5nbGlzaCI7fQ==', 1605392447),
('sOKcFvH59O94TThCygTz1C2UTxufhIgktdFr9fqL', NULL, '127.0.0.1', 'Mozilla/5.0 (Windows NT 10.0; Win64; x64) AppleWebKit/537.36 (KHTML, like Gecko) Chrome/86.0.4240.183 Safari/537.36', 'YTo2OntzOjY6Il90b2tlbiI7czo0MDoiUmg1QVNnWDlaaXFYMzJNWHBPNjFFNnk2bjAzT2haUWp5T1lBalh2WiI7czo5OiJfcHJldmlvdXMiO2E6MTp7czozOiJ1cmwiO3M6MjE6Imh0dHA6Ly8xMjcuMC4wLjE6ODAwMCI7fXM6NjoiX2ZsYXNoIjthOjI6e3M6Mzoib2xkIjthOjA6e31zOjM6Im5ldyI7YTowOnt9fXM6MTc6InBhc3N3b3JkX2hhc2hfd2ViIjtzOjYwOiIkMnkkMTAkZ3o0TTF4YS5BUVBKVzVxRnhnM09uZXlkLmszWVYySmJBTzYySUZMNy9oRnBoMy9ZWWxWeFMiO3M6MjE6InBhc3N3b3JkX2hhc2hfc2FuY3R1bSI7czo2MDoiJDJ5JDEwJGd6NE0xeGEuQVFQSlc1cUZ4ZzNPbmV5ZC5rM1lWMkpiQU82MklGTDcvaEZwaDMvWVlsVnhTIjtzOjQ6ImxhbmciO3M6NzoiZW5nbGlzaCI7fQ==', 1604615545),
('TaNOYxnc3SEcAsIZkTKoKXyMItQaEr2lIdk7fyjh', NULL, '127.0.0.1', 'Mozilla/5.0 (Windows NT 10.0; Win64; x64) AppleWebKit/537.36 (KHTML, like Gecko) Chrome/86.0.4240.198 Safari/537.36', 'YToyOntzOjY6Il90b2tlbiI7czo0MDoiQkF5cmJPY0NrcnlRNGVkR0tpWTBwQkJJN2dVdVM5RlkxWURia0xUZSI7czo2OiJfZmxhc2giO2E6Mjp7czozOiJvbGQiO2E6MDp7fXM6MzoibmV3IjthOjA6e319fQ==', 1605375578),
('u8EN89ysMuN9B9oCoQe3PsOoriHpQw1rohTZAyw8', NULL, '127.0.0.1', 'Mozilla/5.0 (Windows NT 10.0; Win64; x64) AppleWebKit/537.36 (KHTML, like Gecko) Chrome/86.0.4240.198 Safari/537.36', 'YTozOntzOjY6Il90b2tlbiI7czo0MDoiRG8wSEdXNnA5eHN5eXJGQ1Mwa0UxYWtNQTRZN0ZsYWV5T1FGWUJlMSI7czo5OiJfcHJldmlvdXMiO2E6MTp7czozOiJ1cmwiO3M6MjE6Imh0dHA6Ly8xMjcuMC4wLjE6ODAwMCI7fXM6NjoiX2ZsYXNoIjthOjI6e3M6Mzoib2xkIjthOjA6e31zOjM6Im5ldyI7YTowOnt9fX0=', 1605375579),
('Vg7qQ6yBVxDPVtHgRCOCH339GIoIDn6pPu1KMZnF', NULL, '127.0.0.1', 'Mozilla/5.0 (Windows NT 10.0; Win64; x64) AppleWebKit/537.36 (KHTML, like Gecko) Chrome/86.0.4240.183 Safari/537.36', 'YTo2OntzOjM6InVybCI7YToxOntzOjg6ImludGVuZGVkIjtzOjMzOiJodHRwOi8vMTI3LjAuMC4xOjgwMDAvc3ViZGlzdHJpY3QiO31zOjk6Il9wcmV2aW91cyI7YToxOntzOjM6InVybCI7czoyNzoiaHR0cDovLzEyNy4wLjAuMTo4MDAwL2xvZ2luIjt9czo2OiJfZmxhc2giO2E6Mjp7czozOiJvbGQiO2E6MDp7fXM6MzoibmV3IjthOjA6e319czo2OiJfdG9rZW4iO3M6NDA6ImgweWJ4TDBFSWVTamR2YmxjOUlMWnJHV3NYczZRb0s3cUhZVkRiRGwiO3M6MTc6InBhc3N3b3JkX2hhc2hfd2ViIjtzOjYwOiIkMnkkMTAkVE1RcVREaXpwdC5rRFB1Z0ZxQXJaLm9SZzh0R3dWOHdGaW14N0hyVjNVNnM2WUlHVXJydUMiO3M6MjE6InBhc3N3b3JkX2hhc2hfc2FuY3R1bSI7czo2MDoiJDJ5JDEwJFRNUXFURGl6cHQua0RQdWdGcUFyWi5vUmc4dEd3Vjh3RmlteDdIclYzVTZzNllJR1VycnVDIjt9', 1604610123),
('ZDFolsnjmedQqnDzIr344dlQbWfRbZftXf6SNDIB', NULL, '127.0.0.1', 'Mozilla/5.0 (Windows NT 10.0; Win64; x64) AppleWebKit/537.36 (KHTML, like Gecko) Chrome/86.0.4240.198 Safari/537.36', 'YToyOntzOjY6Il90b2tlbiI7czo0MDoiV1NuTGVTRjA2WFo0U2RlZ2psYkVCd21qcGxlZmF2WXJiRlhBQVR1ZCI7czo2OiJfZmxhc2giO2E6Mjp7czozOiJvbGQiO2E6MDp7fXM6MzoibmV3IjthOjA6e319fQ==', 1605375581);

-- --------------------------------------------------------

--
-- Table structure for table `socials`
--

CREATE TABLE IF NOT EXISTS `socials` (
  `id` bigint(20) UNSIGNED NOT NULL AUTO_INCREMENT,
  `facebook` varchar(255) COLLATE utf8mb4_unicode_ci DEFAULT NULL,
  `twitter` varchar(255) COLLATE utf8mb4_unicode_ci DEFAULT NULL,
  `youtube` varchar(255) COLLATE utf8mb4_unicode_ci DEFAULT NULL,
  `linkedin` varchar(255) COLLATE utf8mb4_unicode_ci DEFAULT NULL,
  `instagram` varchar(255) COLLATE utf8mb4_unicode_ci DEFAULT NULL,
  `created_at` timestamp NULL DEFAULT NULL,
  `updated_at` timestamp NULL DEFAULT NULL,
  PRIMARY KEY (`id`)
) ENGINE=InnoDB AUTO_INCREMENT=3 DEFAULT CHARSET=utf8mb4 COLLATE=utf8mb4_unicode_ci;

--
-- Dumping data for table `socials`
--

INSERT INTO `socials` (`id`, `facebook`, `twitter`, `youtube`, `linkedin`, `instagram`, `created_at`, `updated_at`) VALUES
(1, 'https://www.facebook.com/ele', 'https://twitter.com/ele', 'https://www.youtube.com/ele', 'https://www.linkedin.com/ele', 'https://www.instagram.com/ele', NULL, NULL);

-- --------------------------------------------------------

--
-- Table structure for table `subcategories`
--

CREATE TABLE IF NOT EXISTS `subcategories` (
  `id` bigint(20) UNSIGNED NOT NULL AUTO_INCREMENT,
  `category_id` varchar(255) COLLATE utf8mb4_unicode_ci NOT NULL,
  `subcategory_en` varchar(255) COLLATE utf8mb4_unicode_ci NOT NULL,
  `subcategory_hin` varchar(255) COLLATE utf8mb4_unicode_ci NOT NULL,
  `created_at` timestamp NULL DEFAULT NULL,
  `updated_at` timestamp NULL DEFAULT NULL,
  PRIMARY KEY (`id`)
) ENGINE=InnoDB AUTO_INCREMENT=22 DEFAULT CHARSET=utf8mb4 COLLATE=utf8mb4_unicode_ci;

--
-- Dumping data for table `subcategories`
--

INSERT INTO `subcategories` (`id`, `category_id`, `subcategory_en`, `subcategory_hin`, `created_at`, `updated_at`) VALUES
(7, '7', 'Asia', 'एशिया', NULL, NULL),
(8, '7', 'Europe', 'यूरोप', NULL, NULL),
(9, '7', 'Americas', 'अमेरिका की', NULL, NULL),
(10, '7', 'Middle East', 'मध्य पूर्व', NULL, NULL),
(11, '7', 'India', 'भारत', NULL, NULL),
(12, '7', 'China', 'चीन', NULL, NULL),
(13, '8', 'Cricket', 'क्रिकेट', NULL, NULL),
(14, '8', 'Football', 'फुटबॉल', NULL, NULL),
(15, '8', 'Local sports', 'स्थानीय खेल', NULL, NULL),
(16, '9', 'Local', 'स्थानीय', NULL, NULL),
(17, '9', 'Global', 'वैश्विक', NULL, NULL),
(18, '10', 'Dhallywood', 'धालीवुड', NULL, NULL),
(19, '10', 'Bollywood', 'बॉलीवुड', NULL, NULL),
(20, '10', 'Hollywood', 'हॉलीवुड', NULL, NULL),
(21, '11', 'Travel', 'यात्रा', NULL, NULL);

-- --------------------------------------------------------

--
-- Table structure for table `subdistricts`
--

CREATE TABLE IF NOT EXISTS `subdistricts` (
  `id` bigint(20) UNSIGNED NOT NULL AUTO_INCREMENT,
  `district_id` varchar(255) COLLATE utf8mb4_unicode_ci NOT NULL,
  `subdistrict_en` varchar(255) COLLATE utf8mb4_unicode_ci NOT NULL,
  `subdistrict_hin` varchar(255) COLLATE utf8mb4_unicode_ci NOT NULL,
  `created_at` timestamp NULL DEFAULT NULL,
  `updated_at` timestamp NULL DEFAULT NULL,
  PRIMARY KEY (`id`)
) ENGINE=InnoDB AUTO_INCREMENT=8 DEFAULT CHARSET=utf8mb4 COLLATE=utf8mb4_unicode_ci;

--
-- Dumping data for table `subdistricts`
--

INSERT INTO `subdistricts` (`id`, `district_id`, `subdistrict_en`, `subdistrict_hin`, `created_at`, `updated_at`) VALUES
(1, '1', '11Mandal', '11मंडल', NULL, NULL),
(2, '4', 'Circle', 'वृत्त', NULL, NULL),
(4, '4', 'Banka', 'बांका', NULL, NULL),
(5, '4', 'Begusarai', 'बेगूसराय', NULL, NULL),
(6, '4', 'Manjhaul', 'मंझौल', NULL, NULL),
(7, '4', 'Ballia', 'बलिया', NULL, NULL);

-- --------------------------------------------------------

--
-- Table structure for table `users`
--

CREATE TABLE IF NOT EXISTS `users` (
  `id` bigint(20) UNSIGNED NOT NULL AUTO_INCREMENT,
  `name` varchar(255) COLLATE utf8mb4_unicode_ci NOT NULL,
  `email` varchar(255) COLLATE utf8mb4_unicode_ci NOT NULL,
  `email_verified_at` timestamp NULL DEFAULT NULL,
  `password` varchar(255) COLLATE utf8mb4_unicode_ci NOT NULL,
  `two_factor_secret` text COLLATE utf8mb4_unicode_ci DEFAULT NULL,
  `two_factor_recovery_codes` text COLLATE utf8mb4_unicode_ci DEFAULT NULL,
  `remember_token` varchar(100) COLLATE utf8mb4_unicode_ci DEFAULT NULL,
  `type` int(11) DEFAULT NULL,
  `category` int(11) DEFAULT NULL,
  `district` int(11) DEFAULT NULL,
  `post` int(11) DEFAULT NULL,
  `setting` int(11) DEFAULT NULL,
  `website` int(11) DEFAULT NULL,
  `gallery` int(11) DEFAULT NULL,
  `ads` int(11) DEFAULT NULL,
  `role` int(11) DEFAULT NULL,
  `current_team_id` bigint(20) UNSIGNED DEFAULT NULL,
  `profile_photo_path` text COLLATE utf8mb4_unicode_ci DEFAULT NULL,
  `created_at` timestamp NULL DEFAULT NULL,
  `updated_at` timestamp NULL DEFAULT NULL,
  PRIMARY KEY (`id`),
  UNIQUE KEY `users_email_unique` (`email`)
) ENGINE=InnoDB AUTO_INCREMENT=4 DEFAULT CHARSET=utf8mb4 COLLATE=utf8mb4_unicode_ci;

--
-- Dumping data for table `users`
--

INSERT INTO `users` (`id`, `name`, `email`, `email_verified_at`, `password`, `two_factor_secret`, `two_factor_recovery_codes`, `remember_token`, `type`, `category`, `district`, `post`, `setting`, `website`, `gallery`, `ads`, `role`, `current_team_id`, `profile_photo_path`, `created_at`, `updated_at`) VALUES
(1, 'Admin', 'admin@gmail.com', NULL, '$2y$10$gz4M1xa.AQPJW5qFxg3Oneyd.k3YV2JbAO62IFL7/hFph3/YYlVxS', NULL, NULL, NULL, 1, 1, 1, 1, 1, 1, 1, 1, 1, NULL, NULL, '2020-10-21 12:59:57', '2020-10-21 12:59:57'),
(2, 'Kazi Ariyan', 'ariyan@gmail.com', NULL, '$2y$10$sKi/Pzgs44X2fusoSS8LFOtW8aMDa9Juzfh2X02b6riS2ZvV53mUm', NULL, NULL, NULL, 0, 1, NULL, 1, NULL, NULL, 1, 1, 1, NULL, NULL, NULL, NULL),
(3, 'Kazi', 'kazi@gmail.com', NULL, '$2y$10$TMQqTDizpt.kDPugFqArZ.oRg8tGwV8wFimx7HrV3U6s6YIGUrruC', NULL, NULL, NULL, 0, 1, 1, NULL, NULL, NULL, NULL, NULL, NULL, NULL, NULL, NULL, NULL);

-- --------------------------------------------------------

--
-- Table structure for table `videos`
--

CREATE TABLE IF NOT EXISTS `videos` (
  `id` bigint(20) UNSIGNED NOT NULL AUTO_INCREMENT,
  `title` varchar(255) COLLATE utf8mb4_unicode_ci NOT NULL,
  `embed_code` varchar(255) COLLATE utf8mb4_unicode_ci NOT NULL,
  `type` varchar(255) COLLATE utf8mb4_unicode_ci NOT NULL DEFAULT '0',
  `created_at` timestamp NULL DEFAULT NULL,
  `updated_at` timestamp NULL DEFAULT NULL,
  PRIMARY KEY (`id`)
) ENGINE=InnoDB AUTO_INCREMENT=4 DEFAULT CHARSET=utf8mb4 COLLATE=utf8mb4_unicode_ci;

--
-- Dumping data for table `videos`
--

INSERT INTO `videos` (`id`, `title`, `embed_code`, `type`, `created_at`, `updated_at`) VALUES
(1, 'Need Your Help', 'l9ViEIip9q4', '1', NULL, NULL),
(2, '20 VueJs Axios Request Vue JS Tutorial', 'D908-8nq52s', '0', NULL, NULL),
(3, 'How To Get The Source Code', 'A_dYjvKdzR0', '0', NULL, NULL);

-- --------------------------------------------------------

--
-- Table structure for table `websites`
--

CREATE TABLE IF NOT EXISTS `websites` (
  `id` bigint(20) UNSIGNED NOT NULL AUTO_INCREMENT,
  `website_name` varchar(255) COLLATE utf8mb4_unicode_ci DEFAULT NULL,
  `website_link` varchar(255) COLLATE utf8mb4_unicode_ci DEFAULT NULL,
  `created_at` timestamp NULL DEFAULT NULL,
  `updated_at` timestamp NULL DEFAULT NULL,
  PRIMARY KEY (`id`)
) ENGINE=InnoDB AUTO_INCREMENT=4 DEFAULT CHARSET=utf8mb4 COLLATE=utf8mb4_unicode_ci;

--
-- Dumping data for table `websites`
--

INSERT INTO `websites` (`id`, `website_name`, `website_link`, `created_at`, `updated_at`) VALUES
(1, 'easy learning', 'https://www.easylearningbd.com/', NULL, NULL),
(2, 'Facebook', 'https://www.facebook.com/', NULL, NULL),
(3, 'easy learning 1', 'https://www.easylearningbd.com/1', NULL, NULL);

-- --------------------------------------------------------

--
-- Table structure for table `websitesettings`
--

CREATE TABLE IF NOT EXISTS `websitesettings` (
  `id` bigint(20) UNSIGNED NOT NULL AUTO_INCREMENT,
  `logo` varchar(255) COLLATE utf8mb4_unicode_ci DEFAULT NULL,
  `address_en` text COLLATE utf8mb4_unicode_ci DEFAULT NULL,
  `address_hin` text COLLATE utf8mb4_unicode_ci DEFAULT NULL,
  `phone_en` varchar(255) COLLATE utf8mb4_unicode_ci DEFAULT NULL,
  `phone_hin` varchar(255) COLLATE utf8mb4_unicode_ci DEFAULT NULL,
  `email` varchar(255) COLLATE utf8mb4_unicode_ci DEFAULT NULL,
  `created_at` timestamp NULL DEFAULT NULL,
  `updated_at` timestamp NULL DEFAULT NULL,
  PRIMARY KEY (`id`)
) ENGINE=InnoDB AUTO_INCREMENT=2 DEFAULT CHARSET=utf8mb4 COLLATE=utf8mb4_unicode_ci;

--
-- Dumping data for table `websitesettings`
--

INSERT INTO `websitesettings` (`id`, `logo`, `address_en`, `address_hin`, `phone_en`, `phone_hin`, `email`, `created_at`, `updated_at`) VALUES
(1, 'image/logo/5fa479f11e57e.png', '<div>San Francisco, CA</div><div>600 Harrison St.</div><div>3rd Floor</div><div>San Francisco, CA 94107</div>', '<div>सैन फ्रांसिस्को, सीए</div><div>600 हैरिसन सेंट</div><div>तीसरा तल</div><div>सैन फ्रांसिस्को, सीए 94107</div>', '132432423432', '234324324324', 'Support@easynews.com', NULL, NULL);
COMMIT;

/*!40101 SET CHARACTER_SET_CLIENT=@OLD_CHARACTER_SET_CLIENT */;
/*!40101 SET CHARACTER_SET_RESULTS=@OLD_CHARACTER_SET_RESULTS */;
/*!40101 SET COLLATION_CONNECTION=@OLD_COLLATION_CONNECTION */;
